"SourceAP","DestAP"
"FLL","MCO"
"FLL","TPA"
"MCO","FLL"
"MCO","RSW"
"RSW","MCO"
"TPA","FLL"
"LAS","LAX"
"LAX","LAS"
"ATL","CVG"
"ATL","MSP"
"CVG","ATL"
"DTW","MSY"
"JFK","MSY"
"LGA","MSY"
"MEM","MSY"
"MSP","ATL"
"MSP","MSY"
"MSY","DTW"
"MSY","JFK"
"MSY","LGA"
"MSY","MEM"
"MSY","MSP"
"ANC","LAX"
"ANC","PHX"
"ATL","CLT"
"ATL","DFW"
"ATL","MIA"
"ATL","ORD"
"ATL","PHL"
"ATL","PHX"
"AUS","CLT"
"AUS","DFW"
"AUS","JFK"
"AUS","LAX"
"AUS","MSY"
"AUS","ORD"
"AUS","PHL"
"AUS","PHX"
"BNA","CLT"
"BNA","DCA"
"BNA","DFW"
"BNA","JFK"
"BNA","LAX"
"BNA","LGA"
"BNA","MIA"
"BNA","ORD"
"BNA","PHL"
"BOS","CLT"
"BOS","DCA"
"BOS","DFW"
"BOS","JFK"
"BOS","LAX"
"BOS","LGA"
"BOS","MIA"
"BOS","ORD"
"BOS","PDX"
"BOS","PHL"
"BOS","PHX"
"BOS","PIT"
"BOS","SAN"
"BOS","SEA"
"BWI","CLT"
"BWI","DFW"
"BWI","JFK"
"BWI","MIA"
"BWI","ORD"
"BWI","PHL"
"BWI","PHX"
"CLE","CLT"
"CLE","DFW"
"CLE","JFK"
"CLE","MIA"
"CLE","ORD"
"CLE","PHL"
"CLT","ATL"
"CLT","AUS"
"CLT","BNA"
"CLT","BOS"
"CLT","BWI"
"CLT","CLE"
"CLT","CMH"
"CLT","CVG"
"CLT","DCA"
"CLT","DEN"
"CLT","DFW"
"CLT","DTW"
"CLT","EWR"
"CLT","FLL"
"CLT","IAD"
"CLT","IAH"
"CLT","IND"
"CLT","JFK"
"CLT","LAS"
"CLT","LAX"
"CLT","LGA"
"CLT","MCI"
"CLT","MCO"
"CLT","MEM"
"CLT","MIA"
"CLT","MKE"
"CLT","MSP"
"CLT","MSY"
"CLT","ORD"
"CLT","PDX"
"CLT","PHL"
"CLT","PHX"
"CLT","PIT"
"CLT","RDU"
"CLT","RSW"
"CLT","SAN"
"CLT","SAT"
"CLT","SEA"
"CLT","SFO"
"CLT","SLC"
"CLT","SMF"
"CLT","STL"
"CLT","TPA"
"CMH","CLT"
"CMH","DCA"
"CMH","DFW"
"CMH","JFK"
"CMH","LAX"
"CMH","LGA"
"CMH","MIA"
"CMH","ORD"
"CMH","PHL"
"CMH","PHX"
"CVG","CLT"
"CVG","DCA"
"CVG","DFW"
"CVG","JFK"
"CVG","MIA"
"CVG","ORD"
"CVG","PHL"
"DCA","BNA"
"DCA","BOS"
"DCA","CLT"
"DCA","CMH"
"DCA","CVG"
"DCA","DFW"
"DCA","DTW"
"DCA","FLL"
"DCA","IND"
"DCA","JFK"
"DCA","LAS"
"DCA","LAX"
"DCA","LGA"
"DCA","MCI"
"DCA","MCO"
"DCA","MEM"
"DCA","MIA"
"DCA","MSP"
"DCA","MSY"
"DCA","ORD"
"DCA","PDX"
"DCA","PHL"
"DCA","PHX"
"DCA","PIT"
"DCA","RDU"
"DCA","RSW"
"DCA","SAN"
"DCA","STL"
"DCA","TPA"
"DEN","CLT"
"DEN","DFW"
"DEN","LAX"
"DEN","MIA"
"DEN","ORD"
"DEN","PHL"
"DEN","PHX"
"DEN","SEA"
"DFW","ATL"
"DFW","AUS"
"DFW","BNA"
"DFW","BOS"
"DFW","BWI"
"DFW","CLE"
"DFW","CLT"
"DFW","CMH"
"DFW","CVG"
"DFW","DCA"
"DFW","DEN"
"DFW","DTW"
"DFW","EWR"
"DFW","FLL"
"DFW","HNL"
"DFW","HOU"
"DFW","IAD"
"DFW","IAH"
"DFW","IND"
"DFW","JFK"
"DFW","LAS"
"DFW","LAX"
"DFW","LGA"
"DFW","MCI"
"DFW","MCO"
"DFW","MEM"
"DFW","MIA"
"DFW","MKE"
"DFW","MSP"
"DFW","MSY"
"DFW","ORD"
"DFW","PDX"
"DFW","PHL"
"DFW","PHX"
"DFW","PIT"
"DFW","RDU"
"DFW","RSW"
"DFW","SAN"
"DFW","SAT"
"DFW","SEA"
"DFW","SFO"
"DFW","SJC"
"DFW","SLC"
"DFW","SMF"
"DFW","STL"
"DFW","TPA"
"DTW","CLT"
"DTW","DCA"
"DTW","DFW"
"DTW","LGA"
"DTW","MIA"
"DTW","ORD"
"DTW","PHL"
"DTW","PHX"
"EWR","CLT"
"EWR","DFW"
"EWR","MIA"
"EWR","ORD"
"EWR","PHL"
"EWR","PHX"
"EWR","SEA"
"FLL","CLT"
"FLL","DCA"
"FLL","DFW"
"FLL","ORD"
"FLL","PHL"
"FLL","PHX"
"HNL","DFW"
"HNL","LAX"
"HNL","OAK"
"HNL","PHX"
"HNL","SJC"
"HOU","DFW"
"IAD","CLT"
"IAD","DFW"
"IAD","LAX"
"IAD","MIA"
"IAH","CLT"
"IAH","DFW"
"IAH","LAX"
"IAH","MIA"
"IAH","ORD"
"IAH","PHL"
"IAH","PHX"
"IND","CLT"
"IND","DCA"
"IND","DFW"
"IND","JFK"
"IND","LAX"
"IND","MIA"
"IND","ORD"
"IND","PHL"
"IND","PHX"
"JFK","AUS"
"JFK","BNA"
"JFK","BOS"
"JFK","BWI"
"JFK","CLE"
"JFK","CLT"
"JFK","CMH"
"JFK","CVG"
"JFK","DCA"
"JFK","DFW"
"JFK","IND"
"JFK","LAS"
"JFK","LAX"
"JFK","MCO"
"JFK","MIA"
"JFK","ORD"
"JFK","PHX"
"JFK","PIT"
"JFK","RDU"
"JFK","SAN"
"JFK","SEA"
"JFK","SFO"
"JFK","TPA"
"LAS","CLT"
"LAS","DCA"
"LAS","DFW"
"LAS","JFK"
"LAS","MIA"
"LAS","ORD"
"LAS","PHL"
"LAS","PHX"
"LAX","ANC"
"LAX","AUS"
"LAX","BNA"
"LAX","BOS"
"LAX","CLT"
"LAX","CMH"
"LAX","DCA"
"LAX","DEN"
"LAX","DFW"
"LAX","HNL"
"LAX","IAD"
"LAX","IAH"
"LAX","IND"
"LAX","JFK"
"LAX","MCO"
"LAX","MIA"
"LAX","ORD"
"LAX","PDX"
"LAX","PHL"
"LAX","PHX"
"LAX","PIT"
"LAX","RDU"
"LAX","SAN"
"LAX","SEA"
"LAX","SFO"
"LAX","SJC"
"LAX","SLC"
"LAX","SMF"
"LAX","STL"
"LGA","BNA"
"LGA","BOS"
"LGA","CLT"
"LGA","CMH"
"LGA","DCA"
"LGA","DFW"
"LGA","DTW"
"LGA","MIA"
"LGA","ORD"
"LGA","PHL"
"LGA","PIT"
"LGA","RDU"
"LGA","STL"
"MCI","CLT"
"MCI","DCA"
"MCI","DFW"
"MCI","ORD"
"MCI","PHL"
"MCI","PHX"
"MCI","SEA"
"MCO","CLT"
"MCO","DCA"
"MCO","DFW"
"MCO","JFK"
"MCO","LAX"
"MCO","MIA"
"MCO","ORD"
"MCO","PHL"
"MCO","PHX"
"MCO","SAN"
"MCO","SEA"
"MEM","CLT"
"MEM","DCA"
"MEM","DFW"
"MEM","MIA"
"MEM","ORD"
"MIA","ATL"
"MIA","BNA"
"MIA","BOS"
"MIA","BWI"
"MIA","CLE"
"MIA","CLT"
"MIA","CMH"
"MIA","CVG"
"MIA","DCA"
"MIA","DEN"
"MIA","DFW"
"MIA","DTW"
"MIA","EWR"
"MIA","IAD"
"MIA","IAH"
"MIA","IND"
"MIA","JFK"
"MIA","LAS"
"MIA","LAX"
"MIA","LGA"
"MIA","MCO"
"MIA","MEM"
"MIA","MSP"
"MIA","MSY"
"MIA","ORD"
"MIA","PHL"
"MIA","PHX"
"MIA","PIT"
"MIA","RDU"
"MIA","SAN"
"MIA","SEA"
"MIA","SFO"
"MIA","STL"
"MIA","TPA"
"MKE","CLT"
"MKE","DFW"
"MKE","ORD"
"MKE","PHL"
"MKE","PHX"
"MSP","CLT"
"MSP","DCA"
"MSP","DFW"
"MSP","MIA"
"MSP","ORD"
"MSP","PHL"
"MSP","PHX"
"MSY","AUS"
"MSY","CLT"
"MSY","DCA"
"MSY","DFW"
"MSY","MIA"
"MSY","ORD"
"MSY","PHL"
"OAK","HNL"
"OAK","PDX"
"OAK","PHX"
"OAK","SEA"
"ORD","ATL"
"ORD","AUS"
"ORD","BNA"
"ORD","BOS"
"ORD","BWI"
"ORD","CLE"
"ORD","CLT"
"ORD","CMH"
"ORD","CVG"
"ORD","DCA"
"ORD","DEN"
"ORD","DFW"
"ORD","DTW"
"ORD","EWR"
"ORD","FLL"
"ORD","IAH"
"ORD","IND"
"ORD","JFK"
"ORD","LAS"
"ORD","LAX"
"ORD","LGA"
"ORD","MCI"
"ORD","MCO"
"ORD","MEM"
"ORD","MIA"
"ORD","MKE"
"ORD","MSP"
"ORD","MSY"
"ORD","PDX"
"ORD","PHL"
"ORD","PHX"
"ORD","PIT"
"ORD","RDU"
"ORD","RSW"
"ORD","SAN"
"ORD","SAT"
"ORD","SEA"
"ORD","SFO"
"ORD","SJC"
"ORD","SLC"
"ORD","STL"
"ORD","TPA"
"PDX","BOS"
"PDX","CLT"
"PDX","DCA"
"PDX","DFW"
"PDX","LAX"
"PDX","OAK"
"PDX","ORD"
"PDX","PHL"
"PDX","PHX"
"PDX","SAN"
"PDX","SFO"
"PDX","SJC"
"PHL","ATL"
"PHL","AUS"
"PHL","BNA"
"PHL","BOS"
"PHL","BWI"
"PHL","CLE"
"PHL","CLT"
"PHL","CMH"
"PHL","CVG"
"PHL","DCA"
"PHL","DEN"
"PHL","DFW"
"PHL","DTW"
"PHL","EWR"
"PHL","FLL"
"PHL","IAH"
"PHL","IND"
"PHL","LAS"
"PHL","LAX"
"PHL","LGA"
"PHL","MCI"
"PHL","MCO"
"PHL","MIA"
"PHL","MKE"
"PHL","MSP"
"PHL","MSY"
"PHL","ORD"
"PHL","PDX"
"PHL","PHX"
"PHL","PIT"
"PHL","RDU"
"PHL","RSW"
"PHL","SAN"
"PHL","SAT"
"PHL","SEA"
"PHL","SFO"
"PHL","SLC"
"PHL","STL"
"PHL","TPA"
"PHX","ANC"
"PHX","ATL"
"PHX","AUS"
"PHX","BOS"
"PHX","BWI"
"PHX","CLT"
"PHX","CMH"
"PHX","DCA"
"PHX","DEN"
"PHX","DFW"
"PHX","DTW"
"PHX","EWR"
"PHX","FLL"
"PHX","HNL"
"PHX","IAH"
"PHX","IND"
"PHX","JFK"
"PHX","LAS"
"PHX","LAX"
"PHX","MCI"
"PHX","MCO"
"PHX","MIA"
"PHX","MKE"
"PHX","MSP"
"PHX","OAK"
"PHX","ORD"
"PHX","PDX"
"PHX","PHL"
"PHX","PIT"
"PHX","SAN"
"PHX","SAT"
"PHX","SEA"
"PHX","SFO"
"PHX","SJC"
"PHX","SLC"
"PHX","SMF"
"PHX","STL"
"PHX","TPA"
"PIT","BOS"
"PIT","CLT"
"PIT","DCA"
"PIT","DFW"
"PIT","JFK"
"PIT","LAX"
"PIT","LGA"
"PIT","MIA"
"PIT","ORD"
"PIT","PHL"
"PIT","PHX"
"PIT","RDU"
"PIT","STL"
"RDU","CLT"
"RDU","DCA"
"RDU","DFW"
"RDU","JFK"
"RDU","LAX"
"RDU","LGA"
"RDU","MIA"
"RDU","ORD"
"RDU","PHL"
"RDU","PIT"
"RSW","CLT"
"RSW","DCA"
"RSW","DFW"
"RSW","ORD"
"RSW","PHL"
"SAN","BOS"
"SAN","CLT"
"SAN","DCA"
"SAN","DFW"
"SAN","JFK"
"SAN","LAX"
"SAN","MCO"
"SAN","MIA"
"SAN","ORD"
"SAN","PDX"
"SAN","PHL"
"SAN","PHX"
"SAN","SEA"
"SAT","CLT"
"SAT","DFW"
"SAT","ORD"
"SAT","PHL"
"SAT","PHX"
"SEA","BOS"
"SEA","CLT"
"SEA","DEN"
"SEA","DFW"
"SEA","EWR"
"SEA","JFK"
"SEA","LAX"
"SEA","MCI"
"SEA","MCO"
"SEA","MIA"
"SEA","OAK"
"SEA","ORD"
"SEA","PHL"
"SEA","PHX"
"SEA","SAN"
"SEA","SFO"
"SEA","SJC"
"SEA","SMF"
"SEA","STL"
"SFO","CLT"
"SFO","DFW"
"SFO","JFK"
"SFO","LAX"
"SFO","MIA"
"SFO","ORD"
"SFO","PDX"
"SFO","PHL"
"SFO","PHX"
"SFO","SEA"
"SJC","DFW"
"SJC","HNL"
"SJC","LAX"
"SJC","ORD"
"SJC","PDX"
"SJC","PHX"
"SJC","SEA"
"SLC","CLT"
"SLC","DFW"
"SLC","LAX"
"SLC","ORD"
"SLC","PHL"
"SLC","PHX"
"SMF","CLT"
"SMF","DFW"
"SMF","LAX"
"SMF","PHX"
"SMF","SEA"
"STL","CLT"
"STL","DCA"
"STL","DFW"
"STL","LAX"
"STL","LGA"
"STL","MIA"
"STL","ORD"
"STL","PHL"
"STL","PHX"
"STL","PIT"
"STL","SEA"
"TPA","CLT"
"TPA","DCA"
"TPA","DFW"
"TPA","JFK"
"TPA","MIA"
"TPA","ORD"
"TPA","PHL"
"TPA","PHX"
"ATL","DEN"
"DEN","ATL"
"DEN","MSY"
"EWR","MSY"
"IAD","MSY"
"IAH","MSY"
"MSY","DEN"
"MSY","EWR"
"MSY","IAD"
"MSY","IAH"
"ATL","AUS"
"ATL","BNA"
"ATL","BOS"
"ATL","BWI"
"ATL","CLE"
"ATL","CMH"
"ATL","DCA"
"ATL","DTW"
"ATL","EWR"
"ATL","FLL"
"ATL","IAD"
"ATL","IAH"
"ATL","IND"
"ATL","JFK"
"ATL","LAS"
"ATL","LAX"
"ATL","LGA"
"ATL","MCI"
"ATL","MCO"
"ATL","MDW"
"ATL","MEM"
"ATL","MKE"
"ATL","MSY"
"ATL","PDX"
"ATL","PIT"
"ATL","RDU"
"ATL","RSW"
"ATL","SAN"
"ATL","SAT"
"ATL","SEA"
"ATL","SFO"
"ATL","SLC"
"ATL","SMF"
"ATL","STL"
"ATL","TPA"
"AUS","ATL"
"BNA","ATL"
"BOS","ATL"
"BWI","ATL"
"CLE","ATL"
"CMH","ATL"
"DCA","ATL"
"DTW","ATL"
"EWR","ATL"
"FLL","ATL"
"IAD","ATL"
"IAH","ATL"
"IND","ATL"
"JFK","ATL"
"LAS","ATL"
"LAX","ATL"
"LAX","MSP"
"LGA","ATL"
"MCI","ATL"
"MCO","ATL"
"MDW","ATL"
"MEM","ATL"
"MKE","ATL"
"MSP","LAX"
"MSP","SEA"
"MSP","SFO"
"MSY","ATL"
"PDX","ATL"
"PIT","ATL"
"RDU","ATL"
"RSW","ATL"
"SAN","ATL"
"SAT","ATL"
"SEA","ATL"
"SEA","HNL"
"SFO","ATL"
"SFO","HNL"
"SLC","ATL"
"SMF","ATL"
"STL","ATL"
"TPA","ATL"
"ANC","HNL"
"ANC","LAS"
"ANC","ORD"
"ANC","PDX"
"ANC","SEA"
"AUS","SEA"
"DCA","SEA"
"DTW","PDX"
"DTW","SAN"
"FLL","SEA"
"HNL","ANC"
"HNL","PDX"
"HNL","SAN"
"HNL","SEA"
"IAH","SEA"
"LAS","ANC"
"LAS","PDX"
"LAS","SEA"
"LAX","MSY"
"MSP","SAN"
"MSY","LAX"
"MSY","SLC"
"ORD","ANC"
"PDX","ANC"
"PDX","DTW"
"PDX","HNL"
"PDX","LAS"
"PDX","SEA"
"PDX","SLC"
"PDX","SMF"
"SAN","DTW"
"SAN","HNL"
"SAN","MSP"
"SAN","SLC"
"SAT","SEA"
"SEA","ANC"
"SEA","AUS"
"SEA","DCA"
"SEA","FLL"
"SEA","IAH"
"SEA","LAS"
"SEA","MSP"
"SEA","PDX"
"SEA","SAT"
"SEA","SLC"
"SLC","CVG"
"SLC","MSY"
"SLC","PDX"
"SLC","SAN"
"SLC","SEA"
"SMF","PDX"
"ATL","HOU"
"HOU","ATL"
"AUS","BOS"
"AUS","FLL"
"AUS","MCO"
"AUS","SFO"
"BOS","AUS"
"BOS","BWI"
"BOS","DEN"
"BOS","DTW"
"BOS","EWR"
"BOS","FLL"
"BOS","HOU"
"BOS","IAD"
"BOS","LAS"
"BOS","MCO"
"BOS","MSY"
"BOS","RDU"
"BOS","RSW"
"BOS","SFO"
"BOS","SJC"
"BOS","TPA"
"BWI","BOS"
"DEN","BOS"
"DEN","JFK"
"DTW","BOS"
"EWR","BOS"
"EWR","FLL"
"EWR","MCO"
"EWR","RSW"
"EWR","TPA"
"FLL","AUS"
"FLL","BOS"
"FLL","EWR"
"FLL","JFK"
"FLL","LAX"
"FLL","LGA"
"FLL","RDU"
"FLL","SFO"
"HOU","BOS"
"HOU","JFK"
"IAD","BOS"
"IAD","JFK"
"JFK","DEN"
"JFK","FLL"
"JFK","HOU"
"JFK","IAD"
"JFK","OAK"
"JFK","PDX"
"JFK","RSW"
"JFK","SJC"
"JFK","SLC"
"JFK","SMF"
"LAS","BOS"
"LAX","FLL"
"LGA","FLL"
"LGA","MCO"
"LGA","RSW"
"LGA","TPA"
"MCO","AUS"
"MCO","BOS"
"MCO","EWR"
"MCO","LGA"
"MSY","BOS"
"OAK","JFK"
"PDX","JFK"
"RDU","BOS"
"RDU","FLL"
"RSW","BOS"
"RSW","EWR"
"RSW","JFK"
"RSW","LGA"
"SFO","AUS"
"SFO","BOS"
"SFO","FLL"
"SJC","BOS"
"SJC","JFK"
"SLC","JFK"
"SMF","JFK"
"TPA","BOS"
"TPA","EWR"
"TPA","LGA"
"IAH","SFO"
"ANC","MSP"
"ANC","SLC"
"ATL","HNL"
"ATL","SJC"
"AUS","DTW"
"AUS","MEM"
"AUS","MSP"
"AUS","SLC"
"BNA","CVG"
"BNA","DTW"
"BNA","MCO"
"BNA","MSP"
"BNA","SLC"
"BOS","CMH"
"BOS","CVG"
"BOS","IND"
"BOS","MSP"
"BOS","SLC"
"BWI","CVG"
"BWI","DTW"
"BWI","MSP"
"BWI","RDU"
"BWI","SLC"
"CLE","DTW"
"CLE","LGA"
"CLE","MSP"
"CMH","BOS"
"CMH","DTW"
"CMH","MCO"
"CMH","MSP"
"CMH","RDU"
"CMH","RSW"
"CMH","TPA"
"CVG","BNA"
"CVG","BOS"
"CVG","BWI"
"CVG","DEN"
"CVG","DTW"
"CVG","EWR"
"CVG","FLL"
"CVG","IAH"
"CVG","LAS"
"CVG","LAX"
"CVG","LGA"
"CVG","MCI"
"CVG","MCO"
"CVG","MEM"
"CVG","MKE"
"CVG","MSP"
"CVG","MSY"
"CVG","PIT"
"CVG","RDU"
"CVG","RSW"
"CVG","SFO"
"CVG","SLC"
"CVG","STL"
"CVG","TPA"
"DCA","SLC"
"DEN","CVG"
"DEN","DTW"
"DEN","LGA"
"DEN","MEM"
"DEN","MSP"
"DEN","SLC"
"DTW","AUS"
"DTW","BNA"
"DTW","BWI"
"DTW","CLE"
"DTW","CMH"
"DTW","CVG"
"DTW","DEN"
"DTW","EWR"
"DTW","FLL"
"DTW","IAD"
"DTW","IAH"
"DTW","IND"
"DTW","JFK"
"DTW","LAS"
"DTW","LAX"
"DTW","MCI"
"DTW","MCO"
"DTW","MDW"
"DTW","MEM"
"DTW","MKE"
"DTW","MSP"
"DTW","PIT"
"DTW","RDU"
"DTW","RSW"
"DTW","SAT"
"DTW","SEA"
"DTW","SFO"
"DTW","SLC"
"DTW","STL"
"DTW","TPA"
"EWR","CVG"
"EWR","DTW"
"EWR","MSP"
"EWR","SLC"
"FLL","CVG"
"FLL","DTW"
"FLL","MSP"
"HNL","ATL"
"HNL","SFO"
"HNL","SLC"
"IAD","DTW"
"IAD","MSP"
"IAH","CVG"
"IAH","DTW"
"IAH","LGA"
"IAH","MEM"
"IAH","MSP"
"IAH","SLC"
"IND","BOS"
"IND","DTW"
"IND","LGA"
"IND","MCO"
"IND","MEM"
"IND","MSP"
"IND","RDU"
"IND","RSW"
"IND","SLC"
"IND","TPA"
"JFK","DTW"
"JFK","MSP"
"JFK","PHL"
"JFK","SAT"
"JFK","STL"
"LAS","CVG"
"LAS","DTW"
"LAS","MCO"
"LAS","MEM"
"LAS","MSP"
"LAS","RDU"
"LAS","SLC"
"LAX","CVG"
"LAX","DTW"
"LAX","MCI"
"LAX","MEM"
"LAX","OAK"
"LAX","TPA"
"LGA","CLE"
"LGA","CVG"
"LGA","DEN"
"LGA","IAH"
"LGA","IND"
"LGA","MCI"
"LGA","MEM"
"LGA","MKE"
"LGA","MSP"
"MCI","CVG"
"MCI","DTW"
"MCI","LAX"
"MCI","LGA"
"MCI","MCO"
"MCI","MEM"
"MCI","MSP"
"MCI","SLC"
"MCO","BNA"
"MCO","CMH"
"MCO","CVG"
"MCO","DTW"
"MCO","IND"
"MCO","LAS"
"MCO","MCI"
"MCO","MEM"
"MCO","MKE"
"MCO","MSP"
"MCO","PIT"
"MCO","RDU"
"MCO","SAT"
"MCO","SLC"
"MDW","DTW"
"MDW","MSP"
"MEM","AUS"
"MEM","CVG"
"MEM","DEN"
"MEM","DTW"
"MEM","IAH"
"MEM","IND"
"MEM","LAS"
"MEM","LAX"
"MEM","LGA"
"MEM","MCI"
"MEM","MCO"
"MEM","MSP"
"MEM","PIT"
"MEM","RDU"
"MEM","SAT"
"MEM","SLC"
"MKE","CVG"
"MKE","DTW"
"MKE","LGA"
"MKE","MCO"
"MKE","MSP"
"MSP","ANC"
"MSP","AUS"
"MSP","BNA"
"MSP","BOS"
"MSP","BWI"
"MSP","CLE"
"MSP","CMH"
"MSP","CVG"
"MSP","DEN"
"MSP","DTW"
"MSP","EWR"
"MSP","FLL"
"MSP","IAD"
"MSP","IAH"
"MSP","IND"
"MSP","JFK"
"MSP","LAS"
"MSP","LGA"
"MSP","MCI"
"MSP","MCO"
"MSP","MDW"
"MSP","MEM"
"MSP","MKE"
"MSP","PDX"
"MSP","PIT"
"MSP","RDU"
"MSP","RSW"
"MSP","SAT"
"MSP","SJC"
"MSP","SLC"
"MSP","SMF"
"MSP","STL"
"MSP","TPA"
"MSY","CVG"
"OAK","LAX"
"OAK","SLC"
"PDX","MSP"
"PHL","JFK"
"PIT","CVG"
"PIT","DTW"
"PIT","MCO"
"PIT","MEM"
"PIT","MSP"
"RDU","BWI"
"RDU","CMH"
"RDU","CVG"
"RDU","DTW"
"RDU","IND"
"RDU","LAS"
"RDU","MCO"
"RDU","MEM"
"RDU","MSP"
"RDU","SLC"
"RDU","TPA"
"RSW","CMH"
"RSW","CVG"
"RSW","DTW"
"RSW","IND"
"RSW","MSP"
"SAT","DTW"
"SAT","JFK"
"SAT","MCO"
"SAT","MEM"
"SAT","MSP"
"SAT","SLC"
"SEA","DTW"
"SFO","CVG"
"SFO","DTW"
"SFO","MSP"
"SFO","SLC"
"SJC","ATL"
"SJC","MSP"
"SJC","SLC"
"SLC","ANC"
"SLC","AUS"
"SLC","BNA"
"SLC","BOS"
"SLC","BWI"
"SLC","DCA"
"SLC","DEN"
"SLC","DTW"
"SLC","EWR"
"SLC","HNL"
"SLC","IAH"
"SLC","IND"
"SLC","LAS"
"SLC","MCI"
"SLC","MCO"
"SLC","MEM"
"SLC","MSP"
"SLC","OAK"
"SLC","RDU"
"SLC","SAT"
"SLC","SFO"
"SLC","SJC"
"SLC","SMF"
"SLC","STL"
"SMF","MSP"
"SMF","SLC"
"STL","CVG"
"STL","DTW"
"STL","JFK"
"STL","MSP"
"STL","SLC"
"TPA","CMH"
"TPA","CVG"
"TPA","DTW"
"TPA","IND"
"TPA","LAX"
"TPA","MSP"
"TPA","RDU"
"AUS","DEN"
"BNA","DEN"
"CLE","DEN"
"DCA","DEN"
"DEN","AUS"
"DEN","BNA"
"DEN","CLE"
"DEN","DCA"
"DEN","FLL"
"DEN","IAH"
"DEN","IND"
"DEN","LAS"
"DEN","MCI"
"DEN","MCO"
"DEN","MDW"
"DEN","MKE"
"DEN","PDX"
"DEN","RSW"
"DEN","SAN"
"DEN","SFO"
"DEN","STL"
"DEN","TPA"
"FLL","DEN"
"IAH","DEN"
"IND","DEN"
"LAS","DEN"
"MCI","DEN"
"MCO","DEN"
"MDW","DEN"
"MKE","DEN"
"PDX","DEN"
"RSW","DEN"
"SAN","DEN"
"SFO","DEN"
"STL","DEN"
"TPA","DEN"
"AUS","MDW"
"AUS","OAK"
"AUS","SJC"
"AUS","SMF"
"BNA","BWI"
"BNA","HOU"
"BNA","MDW"
"BNA","PIT"
"BNA","TPA"
"BOS","MDW"
"BWI","AUS"
"BWI","BNA"
"BWI","CLE"
"BWI","CMH"
"BWI","DEN"
"BWI","FLL"
"BWI","IND"
"BWI","LAS"
"BWI","LAX"
"BWI","MCO"
"BWI","MDW"
"BWI","MEM"
"BWI","MSY"
"BWI","PIT"
"BWI","RSW"
"BWI","SAN"
"BWI","SAT"
"BWI","STL"
"BWI","TPA"
"CLE","MDW"
"CLT","MDW"
"CMH","BWI"
"CMH","MDW"
"CMH","STL"
"DCA","MKE"
"DEN","BWI"
"DEN","CMH"
"DEN","SAT"
"DEN","SMF"
"EWR","BNA"
"EWR","MDW"
"FLL","BWI"
"FLL","HOU"
"FLL","MKE"
"FLL","MSY"
"HOU","AUS"
"HOU","BWI"
"HOU","CLT"
"HOU","DEN"
"HOU","LAS"
"HOU","LAX"
"HOU","MCI"
"HOU","MCO"
"HOU","MDW"
"HOU","MSY"
"HOU","PHX"
"HOU","RDU"
"HOU","TPA"
"IAD","DEN"
"IAD","MDW"
"IAD","TPA"
"IND","BWI"
"IND","LAS"
"IND","MCI"
"LAS","AUS"
"LAS","BWI"
"LAS","HOU"
"LAS","IND"
"LAS","MDW"
"LAS","MKE"
"LAS","OAK"
"LAS","SAN"
"LAS","SAT"
"LAS","SMF"
"LAS","TPA"
"LAX","HOU"
"LAX","MDW"
"LAX","MKE"
"LGA","MDW"
"MCI","BWI"
"MCI","IND"
"MCI","LAS"
"MCI","MDW"
"MCI","MKE"
"MCI","MSY"
"MCI","PDX"
"MCI","SFO"
"MCI","STL"
"MCI","TPA"
"MCO","BWI"
"MCO","MDW"
"MCO","MSY"
"MCO","STL"
"MDW","AUS"
"MDW","BNA"
"MDW","BOS"
"MDW","BWI"
"MDW","CLE"
"MDW","CLT"
"MDW","CMH"
"MDW","EWR"
"MDW","HOU"
"MDW","IAD"
"MDW","LAS"
"MDW","LAX"
"MDW","LGA"
"MDW","MCI"
"MDW","MCO"
"MDW","MEM"
"MDW","MSY"
"MDW","OAK"
"MDW","PDX"
"MDW","PHL"
"MDW","PHX"
"MDW","PIT"
"MDW","RDU"
"MDW","RSW"
"MDW","SAN"
"MDW","SAT"
"MDW","SEA"
"MDW","SFO"
"MDW","SJC"
"MDW","SLC"
"MDW","SMF"
"MDW","STL"
"MDW","TPA"
"MEM","BWI"
"MEM","HOU"
"MEM","MDW"
"MEM","TPA"
"MKE","BOS"
"MKE","BWI"
"MKE","DCA"
"MKE","FLL"
"MKE","LAS"
"MKE","LAX"
"MKE","MCI"
"MKE","MSY"
"MKE","RSW"
"MKE","SEA"
"MKE","SFO"
"MKE","STL"
"MKE","TPA"
"MSP","OAK"
"MSY","BWI"
"MSY","FLL"
"MSY","HOU"
"MSY","LAS"
"MSY","MCI"
"MSY","MCO"
"MSY","MDW"
"MSY","MKE"
"MSY","SAN"
"MSY","STL"
"MSY","TPA"
"OAK","CMH"
"OAK","DEN"
"OAK","LAS"
"OAK","MDW"
"PDX","MDW"
"PHL","MDW"
"PHX","HOU"
"PIT","BWI"
"PIT","MDW"
"PIT","TPA"
"RDU","BNA"
"RDU","MDW"
"RDU","SFO"
"RSW","BWI"
"RSW","MDW"
"SAN","BWI"
"SAN","HOU"
"SAN","LAS"
"SAN","MCI"
"SAN","SAT"
"SAN","SJC"
"SAT","BWI"
"SAT","DEN"
"SAT","HOU"
"SAT","LAS"
"SAT","LAX"
"SAT","MDW"
"SAT","STL"
"SAT","TPA"
"SEA","BWI"
"SEA","MDW"
"SEA","MKE"
"SFO","MDW"
"SFO","MKE"
"SJC","DEN"
"SJC","LAS"
"SJC","SAN"
"SLC","MDW"
"SMF","DEN"
"SMF","LAS"
"SMF","SAN"
"STL","BNA"
"STL","BWI"
"STL","CMH"
"STL","FLL"
"STL","LAS"
"STL","MCI"
"STL","MDW"
"STL","MKE"
"STL","MSY"
"STL","RDU"
"STL","SAT"
"STL","TPA"
"TPA","BWI"
"TPA","HOU"
"TPA","MCI"
"TPA","MDW"
"TPA","MKE"
"TPA","MSY"
"TPA","PDX"
"TPA","PIT"
"TPA","SAT"
"TPA","SEA"
"TPA","STL"
"AUS","LAS"
"HNL","LAS"
"LAS","HNL"
"HNL","JFK"
"HNL","SMF"
"JFK","HNL"
"LAS","SFO"
"SFO","LAS"
"SMF","HNL"
"DFW","OAK"
"FLL","LAS"
"IAH","LAS"
"IAH","MCO"
"LAS","FLL"
"LAS","IAH"
"MCO","IAH"
"OAK","DFW"
"OAK","ORD"
"ORD","OAK"
"ANC","DEN"
"AUS","CLE"
"AUS","EWR"
"AUS","IAD"
"AUS","IAH"
"BNA","CLE"
"BNA","EWR"
"BNA","IAD"
"BNA","IAH"
"BOS","CLE"
"BOS","IAH"
"BWI","EWR"
"BWI","IAH"
"BWI","SFO"
"CLE","AUS"
"CLE","BNA"
"CLE","BOS"
"CLE","BWI"
"CLE","CMH"
"CLE","DCA"
"CLE","EWR"
"CLE","FLL"
"CLE","IAD"
"CLE","IAH"
"CLE","IND"
"CLE","LAS"
"CLE","LAX"
"CLE","MCI"
"CLE","MCO"
"CLE","MKE"
"CLE","MSY"
"CLE","PHX"
"CLE","RSW"
"CLE","SFO"
"CLE","STL"
"CLE","TPA"
"CMH","CLE"
"CMH","DEN"
"CMH","EWR"
"CMH","IAD"
"CMH","IAH"
"CVG","IAD"
"DCA","CLE"
"DCA","EWR"
"DCA","IAH"
"DCA","SFO"
"DEN","ANC"
"DEN","EWR"
"DEN","HNL"
"DEN","IAD"
"DEN","PIT"
"DEN","SJC"
"EWR","AUS"
"EWR","BWI"
"EWR","CLE"
"EWR","CMH"
"EWR","DCA"
"EWR","DEN"
"EWR","HNL"
"EWR","IAD"
"EWR","IAH"
"EWR","IND"
"EWR","LAS"
"EWR","LAX"
"EWR","MCI"
"EWR","MEM"
"EWR","MKE"
"EWR","PDX"
"EWR","PIT"
"EWR","RDU"
"EWR","SAN"
"EWR","SAT"
"EWR","SFO"
"EWR","STL"
"FLL","CLE"
"FLL","IAD"
"FLL","IAH"
"HNL","DEN"
"HNL","EWR"
"HNL","IAD"
"HNL","IAH"
"HNL","ORD"
"IAD","AUS"
"IAD","BNA"
"IAD","CLE"
"IAD","CMH"
"IAD","CVG"
"IAD","EWR"
"IAD","FLL"
"IAD","HNL"
"IAD","IAH"
"IAD","IND"
"IAD","LAS"
"IAD","LGA"
"IAD","MCI"
"IAD","MCO"
"IAD","ORD"
"IAD","PDX"
"IAD","PHL"
"IAD","PHX"
"IAD","PIT"
"IAD","RDU"
"IAD","SAN"
"IAD","SAT"
"IAD","SEA"
"IAD","SFO"
"IAD","SMF"
"IAD","STL"
"IAH","AUS"
"IAH","BNA"
"IAH","BOS"
"IAH","BWI"
"IAH","CLE"
"IAH","CMH"
"IAH","DCA"
"IAH","EWR"
"IAH","FLL"
"IAH","HNL"
"IAH","IAD"
"IAH","IND"
"IAH","MCI"
"IAH","MKE"
"IAH","PDX"
"IAH","PIT"
"IAH","RDU"
"IAH","RSW"
"IAH","SAN"
"IAH","SAT"
"IAH","SJC"
"IAH","SMF"
"IAH","STL"
"IAH","TPA"
"IND","CLE"
"IND","EWR"
"IND","IAD"
"IND","IAH"
"IND","SFO"
"LAS","CLE"
"LAS","EWR"
"LAS","IAD"
"LAX","BWI"
"LAX","CLE"
"LAX","EWR"
"LAX","SAT"
"LGA","IAD"
"MCI","CLE"
"MCI","EWR"
"MCI","IAD"
"MCI","IAH"
"MCO","CLE"
"MCO","IAD"
"MCO","SFO"
"MEM","EWR"
"MKE","CLE"
"MKE","EWR"
"MKE","IAH"
"MSY","CLE"
"MSY","SFO"
"ORD","HNL"
"ORD","IAD"
"ORD","SMF"
"PDX","EWR"
"PDX","IAD"
"PDX","IAH"
"PHL","IAD"
"PHX","CLE"
"PHX","IAD"
"PIT","DEN"
"PIT","EWR"
"PIT","IAD"
"PIT","IAH"
"PIT","SFO"
"RDU","EWR"
"RDU","IAD"
"RDU","IAH"
"RSW","CLE"
"RSW","IAH"
"SAN","EWR"
"SAN","IAD"
"SAN","IAH"
"SAN","SFO"
"SAT","EWR"
"SAT","IAD"
"SAT","IAH"
"SAT","SFO"
"SEA","IAD"
"SFO","BWI"
"SFO","CLE"
"SFO","DCA"
"SFO","EWR"
"SFO","IAD"
"SFO","IAH"
"SFO","IND"
"SFO","MCI"
"SFO","MCO"
"SFO","MSY"
"SFO","PIT"
"SFO","RDU"
"SFO","SAN"
"SFO","SAT"
"SFO","SMF"
"SFO","STL"
"SJC","IAH"
"SMF","IAD"
"SMF","IAH"
"SMF","ORD"
"SMF","SFO"
"STL","CLE"
"STL","EWR"
"STL","IAD"
"STL","IAH"
"STL","SFO"
"TPA","CLE"
"TPA","IAD"
"TPA","IAH"
"AUS","BNA"
"AUS","BWI"
"AUS","DCA"
"AUS","HOU"
"AUS","SAN"
"AUS","TPA"
"BNA","AUS"
"BNA","BOS"
"BNA","CMH"
"BNA","FLL"
"BNA","LAS"
"BNA","MCI"
"BNA","MSY"
"BNA","PHX"
"BNA","RDU"
"BNA","SAN"
"BNA","SAT"
"BNA","STL"
"BOS","BNA"
"BOS","MCI"
"BOS","MKE"
"BOS","STL"
"BWI","HOU"
"BWI","MCI"
"BWI","MKE"
"BWI","SEA"
"CLT","HOU"
"CMH","BNA"
"CMH","FLL"
"CMH","LAS"
"DCA","AUS"
"DCA","HOU"
"DEN","HOU"
"DEN","OAK"
"DEN","RDU"
"EWR","HOU"
"FLL","BNA"
"FLL","CMH"
"FLL","IND"
"FLL","MCI"
"FLL","MDW"
"FLL","PIT"
"FLL","STL"
"HOU","BNA"
"HOU","DCA"
"HOU","EWR"
"HOU","FLL"
"HOU","IND"
"HOU","LGA"
"HOU","MEM"
"HOU","OAK"
"HOU","PIT"
"HOU","SAN"
"HOU","SAT"
"HOU","STL"
"IND","FLL"
"IND","HOU"
"LAS","BNA"
"LAS","CMH"
"LAS","MCI"
"LAS","MSY"
"LAS","PIT"
"LAS","SJC"
"LAS","STL"
"LGA","HOU"
"MCI","BNA"
"MCI","BOS"
"MCI","FLL"
"MCI","HOU"
"MCI","OAK"
"MCI","SAN"
"MCO","HOU"
"MDW","FLL"
"MSY","BNA"
"MSY","PHX"
"OAK","AUS"
"OAK","HOU"
"OAK","MCI"
"OAK","SAN"
"PDX","MCI"
"PHX","BNA"
"PHX","MDW"
"PHX","MSY"
"PHX","RDU"
"PIT","BNA"
"PIT","FLL"
"PIT","HOU"
"PIT","LAS"
"PIT","RSW"
"RDU","DEN"
"RDU","HOU"
"RDU","PHX"
"RDU","STL"
"RSW","MKE"
"RSW","PIT"
"RSW","STL"
"SAN","AUS"
"SAN","BNA"
"SAN","MDW"
"SAN","MSY"
"SAN","OAK"
"SAN","SMF"
"SAN","STL"
"SAT","BNA"
"SAT","SAN"
"SJC","AUS"
"SJC","MDW"
"SMF","MDW"
"STL","BOS"
"STL","HOU"
"STL","MCO"
"STL","RSW"
"STL","SAN"
"TPA","AUS"
"TPA","BNA"
"TPA","LAS"
"TPA","MEM"
