SourceAP,DestAP
ABE,ATL
ABE,CLT
ABE,DTW
ABE,MYR
ABE,ORD
ABE,PGD
ABE,PHL
ABE,PIE
ABE,SFB
ABI,DFW
ABL,OTZ
ABL,SHG
ABQ,ATL
ABQ,BWI
ABQ,CNM
ABQ,DAL
ABQ,DEN
ABQ,DFW
ABQ,HOU
ABQ,IAH
ABQ,JFK
ABQ,LAM
ABQ,LAS
ABQ,LAX
ABQ,MCI
ABQ,MDW
ABQ,MSP
ABQ,OAK
ABQ,ORD
ABQ,PDX
ABQ,PHX
ABQ,SAN
ABQ,SEA
ABQ,SFO
ABQ,SLC
ABR,MSP
ABY,ATL
ACK,BOS
ACK,EWB
ACK,HPN
ACK,HYA
ACK,MVY
ACK,TEB
ACT,DFW
ACV,CEC
ACV,SFO
ACV,SMF
ACY,BOS
ACY,DTW
ACY,FLL
ACY,IAH
ACY,MCO
ACY,MYR
ACY,ORD
ACY,RSW
ACY,TPA
ADK,ANC
ADQ,AKK
ADQ,ANC
ADQ,KLN
AET,BTT
AET,FAI
AET,HUS
AEX,ATL
AEX,DFW
AEX,IAH
AGS,ATL
AGS,CLT
AGS,DCA
AHN,BNA
AIA,CDR
AIN,ATK
AIN,BRW
AKB,DUT
AKK,ADQ
AKN,ANC
AKN,DLG
AKN,PIP
AKN,WSN
AKP,BTT
AKP,FAI
ALB,ATL
ALB,BOS
ALB,BWI
ALB,CLE
ALB,CLT
ALB,DCA
ALB,DTW
ALB,EWR
ALB,FLL
ALB,IAD
ALB,LAS
ALB,MCO
ALB,MDW
ALB,MSP
ALB,MSS
ALB,OGS
ALB,ORD
ALB,PHL
ALB,TPA
ALO,ORD
ALS,DEN
ALS,FMN
ALW,SEA
AMA,DAL
AMA,DEN
AMA,DFW
AMA,IAH
AMA,LAS
AMA,MDW
ANC,ADK
ANC,ADQ
ANC,AKN
ANC,ANI
ANC,BET
ANC,BRW
ANC,CDB
ANC,CDV
ANC,DEN
ANC,DLG
ANC,ENA
ANC,FAI
ANC,HNL
ANC,HOM
ANC,ILI
ANC,JNU
ANC,KSM
ANC,LAS
ANC,LAX
ANC,MCG
ANC,MSP
ANC,OME
ANC,ORD
ANC,OTZ
ANC,PDX
ANC,PHX
ANC,SCC
ANC,SDP
ANC,SEA
ANC,SLC
ANC,SNP
ANC,STG
ANC,UNK
ANC,VDZ
ANI,ANC
ANI,CHU
ANI,HCR
ANI,KLG
ANI,MCG
ANI,RSH
ANI,SHX
ANV,HCR
AOO,IAD
AOO,JST
APF,MIA
APN,DTW
APN,MSP
ARC,VEE
ART,ORD
ART,PHL
ASE,DEN
ASE,LAX
ATK,AIN
ATK,BRW
ATL,ABE
ATL,ABQ
ATL,ABY
ATL,AEX
ATL,AGS
ATL,ALB
ATL,ATW
ATL,AUS
ATL,AVL
ATL,AVP
ATL,AZO
ATL,BDL
ATL,BHM
ATL,BMI
ATL,BNA
ATL,BOS
ATL,BQK
ATL,BTR
ATL,BTV
ATL,BUF
ATL,BWI
ATL,CAE
ATL,CAK
ATL,CHA
ATL,CHO
ATL,CHS
ATL,CID
ATL,CLE
ATL,CLT
ATL,CMH
ATL,COS
ATL,CRW
ATL,CSG
ATL,CVG
ATL,DAB
ATL,DAL
ATL,DAY
ATL,DCA
ATL,DEN
ATL,DFW
ATL,DHN
ATL,DSM
ATL,DTW
ATL,ECP
ATL,ELP
ATL,EVV
ATL,EWN
ATL,EWR
ATL,EYW
ATL,FAR
ATL,FAY
ATL,FLL
ATL,FNT
ATL,FSD
ATL,FSM
ATL,FWA
ATL,GNV
ATL,GPT
ATL,GRB
ATL,GRK
ATL,GRR
ATL,GSO
ATL,GSP
ATL,GTR
ATL,HNL
ATL,HOU
ATL,HPN
ATL,HSV
ATL,IAD
ATL,IAH
ATL,ICT
ATL,ILM
ATL,IND
ATL,JAN
ATL,JAX
ATL,JFK
ATL,LAN
ATL,LAS
ATL,LAX
ATL,LEX
ATL,LFT
ATL,LGA
ATL,LIT
ATL,LWB
ATL,MBS
ATL,MCI
ATL,MCN
ATL,MCO
ATL,MDT
ATL,MDW
ATL,MEI
ATL,MEM
ATL,MGM
ATL,MHT
ATL,MIA
ATL,MKE
ATL,MLB
ATL,MLI
ATL,MLU
ATL,MOB
ATL,MSL
ATL,MSN
ATL,MSP
ATL,MSY
ATL,MYR
ATL,OAJ
ATL,OKC
ATL,OMA
ATL,ORD
ATL,ORF
ATL,PBI
ATL,PDX
ATL,PHF
ATL,PHL
ATL,PHX
ATL,PIA
ATL,PIB
ATL,PIT
ATL,PNS
ATL,PVD
ATL,PWM
ATL,RDU
ATL,RIC
ATL,ROA
ATL,ROC
ATL,RSW
ATL,SAN
ATL,SAT
ATL,SAV
ATL,SBN
ATL,SDF
ATL,SEA
ATL,SFO
ATL,SGF
ATL,SHV
ATL,SJC
ATL,SLC
ATL,SMF
ATL,SNA
ATL,SRQ
ATL,STL
ATL,SYR
ATL,TLH
ATL,TPA
ATL,TRI
ATL,TTN
ATL,TUL
ATL,TUP
ATL,TUS
ATL,TYS
ATL,VLD
ATL,VPS
ATL,XNA
ATW,ATL
ATW,AZA
ATW,DTW
ATW,LAS
ATW,MSP
ATW,ORD
ATW,SFB
ATY,MSP
ATY,PIR
AUG,BOS
AUK,EMK
AUS,ATL
AUS,BNA
AUS,BOS
AUS,BWI
AUS,CLE
AUS,CLT
AUS,DAL
AUS,DCA
AUS,DEN
AUS,DFW
AUS,DTW
AUS,ELP
AUS,EWR
AUS,FLL
AUS,HOU
AUS,HRL
AUS,IAD
AUS,IAH
AUS,JFK
AUS,LAS
AUS,LAX
AUS,LBB
AUS,LGB
AUS,MCO
AUS,MDW
AUS,MEM
AUS,MSP
AUS,MSY
AUS,OAK
AUS,ORD
AUS,PHL
AUS,PHX
AUS,SAN
AUS,SEA
AUS,SFO
AUS,SJC
AUS,SLC
AUS,SMF
AUS,TPA
AVL,ATL
AVL,CLT
AVL,DTW
AVL,FLL
AVL,ORD
AVL,PGD
AVL,PIE
AVL,SFB
AVP,ATL
AVP,CLT
AVP,DTW
AVP,ORD
AVP,PHL
AVP,SFB
AZA,ATW
AZA,BIL
AZA,BIS
AZA,BLI
AZA,BZN
AZA,CID
AZA,DLH
AZA,EUG
AZA,FAR
AZA,FSD
AZA,FWA
AZA,GFK
AZA,GRI
AZA,GRR
AZA,GTF
AZA,ICT
AZA,IDA
AZA,LAS
AZA,MLI
AZA,MOT
AZA,MSO
AZA,OAK
AZA,OGD
AZA,PIA
AZA,PSC
AZA,PVU
AZA,RAP
AZA,RFD
AZA,RST
AZA,SBN
AZA,SGF
AZA,STC
AZO,ATL
AZO,DTW
AZO,MSP
AZO,ORD
BDL,ATL
BDL,BWI
BDL,CLT
BDL,CVG
BDL,DCA
BDL,DEN
BDL,DFW
BDL,DTW
BDL,FLL
BDL,IAD
BDL,LAS
BDL,LAX
BDL,MCO
BDL,MDW
BDL,MIA
BDL,MSP
BDL,ORD
BDL,PBI
BDL,PHL
BDL,PIT
BDL,RDU
BDL,RSW
BDL,TPA
BET,ANC
BET,CYF
BET,EEK
BET,EMK
BET,HPB
BET,KKH
BET,KLG
BET,KPN
BET,KUK
BET,KWK
BET,KWN
BET,KWT
BET,MLL
BET,NME
BET,OOK
BET,VAK
BET,WNA
BFD,CLE
BFD,JHW
BFF,DEN
BFI,CLM
BFI,ESD
BFL,DEN
BFL,IAH
BFL,LAX
BFL,PHX
BFL,SFO
BGM,DTW
BGM,IAD
BGM,PHL
BGR,DCA
BGR,DTW
BGR,LGA
BGR,PHL
BGR,PIE
BGR,SFB
BHB,BOS
BHM,ATL
BHM,BWI
BHM,CLT
BHM,DAL
BHM,DCA
BHM,DEN
BHM,DFW
BHM,DTW
BHM,HOU
BHM,IAH
BHM,LAS
BHM,LGA
BHM,MCO
BHM,MDW
BHM,MIA
BHM,MSP
BHM,ORD
BHM,PHL
BHM,TPA
BIL,AZA
BIL,DEN
BIL,GDV
BIL,GGW
BIL,HVR
BIL,LAS
BIL,MSP
BIL,OLF
BIL,PDX
BIL,SDY
BIL,SEA
BIL,SLC
BIS,AZA
BIS,DEN
BIS,LAS
BIS,MSP
BIS,SFB
BJI,MSP
BKC,DRG
BKC,OTZ
BKG,DAL
BKG,DEN
BKG,HOU
BKG,MDW
BKW,IAD
BKW,SHD
BLI,AZA
BLI,HNL
BLI,LAS
BLI,LAX
BLI,OAK
BLI,PDX
BLI,PSP
BLI,SAN
BLI,SEA
BLV,SFB
BMI,ATL
BMI,DEN
BMI,DFW
BMI,DTW
BMI,MCO
BMI,MSP
BMI,ORD
BMI,SFB
BNA,AHN
BNA,ATL
BNA,AUS
BNA,BOS
BNA,BWI
BNA,CHS
BNA,CLE
BNA,CLT
BNA,CMH
BNA,CVG
BNA,DCA
BNA,DEN
BNA,DFW
BNA,DTW
BNA,ECP
BNA,EWR
BNA,FLL
BNA,GSP
BNA,HOU
BNA,IAD
BNA,IAH
BNA,JAX
BNA,JFK
BNA,LAS
BNA,LAX
BNA,LGA
BNA,MCI
BNA,MCO
BNA,MDW
BNA,MIA
BNA,MKL
BNA,MSP
BNA,MSY
BNA,ORD
BNA,PHL
BNA,PHX
BNA,PIT
BNA,PNS
BNA,PVD
BNA,RDU
BNA,SAN
BNA,SAT
BNA,SLC
BNA,STL
BNA,TPA
BNA,TTN
BOI,DEN
BOI,GEG
BOI,LAS
BOI,LAX
BOI,LWS
BOI,MSP
BOI,OAK
BOI,ORD
BOI,PDX
BOI,PHX
BOI,SAN
BOI,SEA
BOI,SFO
BOI,SJC
BOI,SLC
BOI,SMF
BOS,ACK
BOS,ACY
BOS,ALB
BOS,ATL
BOS,AUG
BOS,AUS
BOS,BHB
BOS,BNA
BOS,BUF
BOS,BWI
BOS,CAK
BOS,CHS
BOS,CLE
BOS,CLT
BOS,CMH
BOS,CVG
BOS,DCA
BOS,DEN
BOS,DFW
BOS,DTW
BOS,EWR
BOS,FLL
BOS,HOU
BOS,HYA
BOS,IAD
BOS,IAH
BOS,IND
BOS,ISP
BOS,JAX
BOS,JFK
BOS,LAS
BOS,LAX
BOS,LEB
BOS,LGA
BOS,LGB
BOS,MCI
BOS,MCO
BOS,MDT
BOS,MDW
BOS,MIA
BOS,MKE
BOS,MSP
BOS,MSY
BOS,MVY
BOS,MYR
BOS,ORD
BOS,PBG
BOS,PBI
BOS,PDX
BOS,PHL
BOS,PHX
BOS,PIT
BOS,PQI
BOS,PVC
BOS,RDU
BOS,RIC
BOS,RKD
BOS,ROC
BOS,RSW
BOS,RUT
BOS,SAN
BOS,SAV
BOS,SEA
BOS,SFO
BOS,SJC
BOS,SLC
BOS,SLK
BOS,STL
BOS,SYR
BOS,TPA
BPT,DFW
BQK,ATL
BRD,INL
BRD,MSP
BRL,ORD
BRL,STL
BRO,DFW
BRO,IAH
BRW,AIN
BRW,ANC
BRW,ATK
BRW,FAI
BRW,NUI
BRW,PIZ
BRW,SCC
BTI,FYU
BTI,SCC
BTM,SLC
BTR,ATL
BTR,CLT
BTR,DFW
BTR,IAH
BTT,AET
BTT,AKP
BTT,FAI
BTV,ATL
BTV,DCA
BTV,DTW
BTV,EWR
BTV,IAD
BTV,JFK
BTV,LGA
BTV,ORD
BTV,PHL
BTV,SFB
BUF,ATL
BUF,BOS
BUF,BWI
BUF,CLE
BUF,CLT
BUF,DCA
BUF,DTW
BUF,EWR
BUF,FLL
BUF,IAD
BUF,JFK
BUF,LAS
BUF,LGA
BUF,MCO
BUF,MDW
BUF,MSP
BUF,ORD
BUF,PHL
BUF,PHX
BUF,TPA
BUR,DEN
BUR,IPL
BUR,JFK
BUR,LAS
BUR,OAK
BUR,PDX
BUR,PHX
BUR,SEA
BUR,SFO
BUR,SJC
BUR,SLC
BUR,SMF
BWI,ABQ
BWI,ALB
BWI,ATL
BWI,AUS
BWI,BDL
BWI,BHM
BWI,BNA
BWI,BOS
BWI,BUF
BWI,CHS
BWI,CLE
BWI,CLT
BWI,CMH
BWI,CVG
BWI,DAY
BWI,DEN
BWI,DFW
BWI,DTW
BWI,ECP
BWI,EWR
BWI,FLL
BWI,FNT
BWI,GRR
BWI,GSP
BWI,HOU
BWI,IAH
BWI,IND
BWI,ISP
BWI,JAX
BWI,JFK
BWI,LAS
BWI,LAX
BWI,LIT
BWI,MCI
BWI,MCO
BWI,MDW
BWI,MEM
BWI,MHT
BWI,MIA
BWI,MKE
BWI,MSP
BWI,MSY
BWI,MYR
BWI,OKC
BWI,ORD
BWI,ORF
BWI,PBI
BWI,PHL
BWI,PHX
BWI,PIT
BWI,PVD
BWI,PWM
BWI,RDU
BWI,ROC
BWI,RSW
BWI,SAN
BWI,SAT
BWI,SDF
BWI,SEA
BWI,SFO
BWI,SLC
BWI,STL
BWI,TPA
BZN,AZA
BZN,DEN
BZN,LAS
BZN,MSP
BZN,ORD
BZN,SEA
BZN,SLC
CAE,ATL
CAE,CLT
CAE,DCA
CAE,DFW
CAE,DTW
CAE,IAD
CAE,IAH
CAE,LGA
CAE,ORD
CAE,PHL
CAK,ATL
CAK,BOS
CAK,CLT
CAK,DCA
CAK,DEN
CAK,DTW
CAK,LGA
CAK,MCO
CAK,ORD
CAK,PHL
CAK,TPA
CDB,ANC
CDB,KFP
CDB,KVC
CDB,NLG
CDC,SLC
CDR,DEN
CDV,ANC
CDV,YAK
CEC,ACV
CEC,SFO
CEM,IRC
CEZ,DEN
CGI,STL
CHA,ATL
CHA,CLT
CHA,DCA
CHA,DFW
CHA,DTW
CHA,ORD
CHA,PIE
CHA,SFB
CHO,ATL
CHO,CLT
CHO,IAD
CHO,LGA
CHO,ORD
CHO,PHL
CHS,ATL
CHS,BNA
CHS,BOS
CHS,BWI
CHS,CLE
CHS,CLT
CHS,DCA
CHS,DFW
CHS,DTW
CHS,EWR
CHS,HOU
CHS,IAD
CHS,IAH
CHS,JFK
CHS,LGA
CHS,MDW
CHS,MIA
CHS,ORD
CHS,PHL
CHS,TPA
CIC,SFO
CID,ATL
CID,AZA
CID,DEN
CID,DFW
CID,DTW
CID,LAS
CID,MSP
CID,ORD
CID,PGD
CID,PIE
CID,SFB
CIK,FAI
CIK,FYU
CIU,DTW
CKB,IAD
CKB,MGW
CKB,SFB
CLD,LAX
CLE,ALB
CLE,ATL
CLE,AUS
CLE,BFD
CLE,BNA
CLE,BOS
CLE,BUF
CLE,BWI
CLE,CHS
CLE,CLT
CLE,CMH
CLE,DAY
CLE,DCA
CLE,DEN
CLE,DFW
CLE,DTW
CLE,DUJ
CLE,ERI
CLE,EWR
CLE,FKL
CLE,FLL
CLE,FNT
CLE,GRR
CLE,GSP
CLE,IAD
CLE,IAH
CLE,IND
CLE,JFK
CLE,JHW
CLE,LAS
CLE,LAX
CLE,LGA
CLE,MCI
CLE,MCO
CLE,MDW
CLE,MIA
CLE,MKE
CLE,MSP
CLE,MSY
CLE,ORD
CLE,PBI
CLE,PHL
CLE,PHX
CLE,PKB
CLE,RIC
CLE,ROC
CLE,RSW
CLE,SDF
CLE,SFO
CLE,STL
CLE,SYR
CLE,TPA
CLE,TTN
CLL,DFW
CLL,IAH
CLM,BFI
CLT,ABE
CLT,AGS
CLT,ALB
CLT,ATL
CLT,AUS
CLT,AVL
CLT,AVP
CLT,BDL
CLT,BHM
CLT,BNA
CLT,BOS
CLT,BTR
CLT,BUF
CLT,BWI
CLT,CAE
CLT,CAK
CLT,CHA
CLT,CHO
CLT,CHS
CLT,CLE
CLT,CMH
CLT,CRW
CLT,CVG
CLT,DAB
CLT,DAY
CLT,DCA
CLT,DEN
CLT,DFW
CLT,DSM
CLT,DTW
CLT,EWN
CLT,EWR
CLT,FAY
CLT,FLL
CLT,FLO
CLT,GNV
CLT,GPT
CLT,GSO
CLT,GSP
CLT,HHH
CLT,HOU
CLT,HPN
CLT,HSV
CLT,HTS
CLT,IAD
CLT,IAH
CLT,ILM
CLT,IND
CLT,JAN
CLT,JAX
CLT,JFK
CLT,LAS
CLT,LAX
CLT,LEX
CLT,LGA
CLT,LIT
CLT,LUK
CLT,LYH
CLT,MCI
CLT,MCO
CLT,MDT
CLT,MDW
CLT,MEM
CLT,MGM
CLT,MHT
CLT,MIA
CLT,MKE
CLT,MLB
CLT,MOB
CLT,MSP
CLT,MSY
CLT,MYR
CLT,OAJ
CLT,OMA
CLT,ORD
CLT,ORF
CLT,PBI
CLT,PDX
CLT,PGV
CLT,PHF
CLT,PHL
CLT,PHX
CLT,PIT
CLT,PNS
CLT,PVD
CLT,PWM
CLT,RDU
CLT,RIC
CLT,ROA
CLT,ROC
CLT,RSW
CLT,SAN
CLT,SAT
CLT,SAV
CLT,SBY
CLT,SDF
CLT,SEA
CLT,SFO
CLT,SLC
CLT,SMF
CLT,SRQ
CLT,STL
CLT,SYR
CLT,TLH
CLT,TPA
CLT,TRI
CLT,TTN
CLT,TYS
CLT,VPS
CLT,XNA
CMH,ATL
CMH,BNA
CMH,BOS
CMH,BWI
CMH,CLE
CMH,CLT
CMH,DCA
CMH,DEN
CMH,DFW
CMH,DTW
CMH,EWR
CMH,FLL
CMH,IAD
CMH,IAH
CMH,JFK
CMH,LAS
CMH,LAX
CMH,LGA
CMH,MCO
CMH,MDW
CMH,MIA
CMH,MSP
CMH,ORD
CMH,PHL
CMH,PHX
CMH,RDU
CMH,RNO
CMH,RSW
CMH,STL
CMH,TPA
CMI,DFW
CMI,ORD
CMX,ORD
CNM,ABQ
CNY,SLC
COD,DEN
COD,SLC
COS,ATL
COS,DEN
COS,DFW
COS,IAD
COS,IAH
COS,LAS
COS,LAX
COS,ORD
COS,SEA
COS,SFO
COS,SLC
COU,DFW
COU,ORD
CPR,DEN
CPR,LAS
CPR,SLC
CRP,DFW
CRP,HOU
CRP,IAH
CRP,LBB
CRW,ATL
CRW,DTW
CRW,MYR
CSG,ATL
CVG,ATL
CVG,BDL
CVG,BNA
CVG,BOS
CVG,BWI
CVG,CLT
CVG,DCA
CVG,DEN
CVG,DFW
CVG,DTW
CVG,EWR
CVG,FLL
CVG,GRR
CVG,IAD
CVG,IAH
CVG,JAX
CVG,JFK
CVG,LAS
CVG,LAX
CVG,LGA
CVG,MCI
CVG,MCO
CVG,MEM
CVG,MIA
CVG,MKE
CVG,MMU
CVG,MSN
CVG,MSP
CVG,MSY
CVG,ORD
CVG,PGD
CVG,PHL
CVG,PIT
CVG,RDU
CVG,RIC
CVG,RSW
CVG,SFB
CVG,SFO
CVG,SLC
CVG,STL
CVG,TPA
CVG,TTN
CVG,XNA
CWA,DTW
CWA,MSP
CWA,ORD
CYF,BET
CYF,KPN
CYS,DEN
CYS,WRL
DAB,ATL
DAB,CLT
DAL,ABQ
DAL,AMA
DAL,ATL
DAL,AUS
DAL,BHM
DAL,BKG
DAL,ELD
DAL,ELP
DAL,HOU
DAL,HRL
DAL,IAH
DAL,ICT
DAL,LBB
DAL,LIT
DAL,MAF
DAL,MCI
DAL,MSY
DAL,OKC
DAL,SAT
DAL,SEA
DAL,SFO
DAL,SLC
DAL,STL
DAL,TUL
DAY,ATL
DAY,BWI
DAY,CLE
DAY,CLT
DAY,DCA
DAY,DEN
DAY,DFW
DAY,DTW
DAY,EWR
DAY,IAD
DAY,LGA
DAY,MCO
DAY,MSP
DAY,ORD
DAY,PHL
DAY,TPA
DBQ,ORD
DCA,AGS
DCA,ALB
DCA,ATL
DCA,AUS
DCA,BDL
DCA,BGR
DCA,BHM
DCA,BNA
DCA,BOS
DCA,BTV
DCA,BUF
DCA,CAE
DCA,CAK
DCA,CHA
DCA,CHS
DCA,CLE
DCA,CLT
DCA,CMH
DCA,CRW
DCA,CVG
DCA,DAY
DCA,DEN
DCA,DFW
DCA,DSM
DCA,DTW
DCA,EWR
DCA,FAY
DCA,FLL
DCA,GSO
DCA,GSP
DCA,HHH
DCA,HOU
DCA,HPN
DCA,HSV
DCA,IAH
DCA,ILM
DCA,IND
DCA,ISP
DCA,JAN
DCA,JAX
DCA,JFK
DCA,LAN
DCA,LAS
DCA,LAX
DCA,LEX
DCA,LGA
DCA,LIT
DCA,MCI
DCA,MCO
DCA,MEM
DCA,MHT
DCA,MIA
DCA,MKE
DCA,MSN
DCA,MSP
DCA,MSY
DCA,MYR
DCA,OAJ
DCA,OMA
DCA,ORD
DCA,ORF
DCA,PBI
DCA,PDX
DCA,PHL
DCA,PHX
DCA,PIT
DCA,PNS
DCA,PVD
DCA,PWM
DCA,RDU
DCA,ROC
DCA,RSW
DCA,SAN
DCA,SAV
DCA,SDF
DCA,SEA
DCA,SFO
DCA,SLC
DCA,SRQ
DCA,STL
DCA,SYR
DCA,TLH
DCA,TPA
DCA,TYS
DCA,VPS
DDC,DEN
DDC,LBL
DEC,ORD
DEC,STL
DEN,ABQ
DEN,AIA
DEN,ALS
DEN,AMA
DEN,ANC
DEN,ASE
DEN,ATL
DEN,AUS
DEN,BDL
DEN,BFF
DEN,BFL
DEN,BHM
DEN,BIL
DEN,BIS
DEN,BKG
DEN,BMI
DEN,BNA
DEN,BOI
DEN,BOS
DEN,BUR
DEN,BWI
DEN,BZN
DEN,CAK
DEN,CEZ
DEN,CID
DEN,CLE
DEN,CLT
DEN,CMH
DEN,COD
DEN,COS
DEN,CPR
DEN,CVG
DEN,CYS
DEN,DAY
DEN,DCA
DEN,DDC
DEN,DFW
DEN,DIK
DEN,DRO
DEN,DSM
DEN,DTW
DEN,EGE
DEN,ELP
DEN,EUG
DEN,EWR
DEN,FAR
DEN,FAT
DEN,FCA
DEN,FLL
DEN,FMN
DEN,FSD
DEN,GCC
DEN,GEG
DEN,GJT
DEN,GRR
DEN,GSO
DEN,GTF
DEN,GUC
DEN,HDN
DEN,HLN
DEN,HNL
DEN,HOU
DEN,HSV
DEN,IAD
DEN,IAH
DEN,ICT
DEN,IDA
DEN,ILG
DEN,IND
DEN,ISN
DEN,JAC
DEN,JAX
DEN,JFK
DEN,KOA
DEN,LAR
DEN,LAS
DEN,LAX
DEN,LBB
DEN,LBF
DEN,LBL
DEN,LGA
DEN,LIH
DEN,LIT
DEN,LNK
DEN,MAF
DEN,MCI
DEN,MCK
DEN,MCO
DEN,MDT
DEN,MDW
DEN,MEM
DEN,MFR
DEN,MIA
DEN,MKE
DEN,MLI
DEN,MOT
DEN,MRY
DEN,MSN
DEN,MSO
DEN,MSP
DEN,MSY
DEN,MTJ
DEN,OAK
DEN,OGG
DEN,OKC
DEN,OMA
DEN,ONT
DEN,ORD
DEN,ORF
DEN,PDX
DEN,PGA
DEN,PHF
DEN,PHL
DEN,PHX
DEN,PIA
DEN,PIR
DEN,PIT
DEN,PSC
DEN,PSP
DEN,PUB
DEN,RAP
DEN,RDM
DEN,RDU
DEN,RIW
DEN,RKS
DEN,RNO
DEN,RSW
DEN,SAF
DEN,SAN
DEN,SAT
DEN,SBA
DEN,SDF
DEN,SEA
DEN,SFO
DEN,SGF
DEN,SGU
DEN,SHR
DEN,SHV
DEN,SJC
DEN,SLC
DEN,SMF
DEN,SNA
DEN,STL
DEN,TPA
DEN,TUL
DEN,TUS
DEN,TYS
DEN,XNA
DFW,ABI
DFW,ABQ
DFW,ACT
DFW,AEX
DFW,AMA
DFW,ATL
DFW,AUS
DFW,BDL
DFW,BHM
DFW,BMI
DFW,BNA
DFW,BOS
DFW,BPT
DFW,BRO
DFW,BTR
DFW,BWI
DFW,CAE
DFW,CHA
DFW,CHS
DFW,CID
DFW,CLE
DFW,CLL
DFW,CLT
DFW,CMH
DFW,CMI
DFW,COS
DFW,COU
DFW,CRP
DFW,CRW
DFW,CVG
DFW,DAY
DFW,DCA
DFW,DEN
DFW,DRO
DFW,DSM
DFW,DTW
DFW,ELP
DFW,EVV
DFW,EWR
DFW,FAR
DFW,FAT
DFW,FLL
DFW,FSD
DFW,FSM
DFW,FWA
DFW,GCK
DFW,GGG
DFW,GJT
DFW,GPT
DFW,GRI
DFW,GRK
DFW,GRR
DFW,GSO
DFW,GSP
DFW,HNL
DFW,HOU
DFW,HSV
DFW,IAD
DFW,IAH
DFW,ICT
DFW,IND
DFW,JAN
DFW,JAX
DFW,JFK
DFW,JLN
DFW,LAS
DFW,LAW
DFW,LAX
DFW,LBB
DFW,LCH
DFW,LEX
DFW,LFT
DFW,LGA
DFW,LIT
DFW,LRD
DFW,MAF
DFW,MCI
DFW,MCO
DFW,MEM
DFW,MFE
DFW,MGM
DFW,MHK
DFW,MIA
DFW,MKE
DFW,MLI
DFW,MLU
DFW,MOB
DFW,MSN
DFW,MSP
DFW,MSY
DFW,MYR
DFW,OAK
DFW,OGG
DFW,OKC
DFW,OMA
DFW,ONT
DFW,ORD
DFW,ORF
DFW,PBI
DFW,PDX
DFW,PHL
DFW,PHX
DFW,PIA
DFW,PIT
DFW,PNS
DFW,PSP
DFW,RAP
DFW,RDU
DFW,RIC
DFW,RNO
DFW,ROW
DFW,RSW
DFW,SAF
DFW,SAN
DFW,SAT
DFW,SAV
DFW,SDF
DFW,SEA
DFW,SFO
DFW,SGF
DFW,SHV
DFW,SJC
DFW,SJT
DFW,SLC
DFW,SMF
DFW,SNA
DFW,SPI
DFW,SPS
DFW,STL
DFW,TLH
DFW,TPA
DFW,TUL
DFW,TUS
DFW,TXK
DFW,TYR
DFW,TYS
DFW,VPS
DFW,XNA
DHN,ATL
DIK,DEN
DIK,MSP
DLG,AKN
DLG,ANC
DLH,AZA
DLH,LAS
DLH,MSP
DLH,ORD
DRG,BKC
DRG,OTZ
DRO,DEN
DRO,DFW
DRO,PHX
DSM,ATL
DSM,CLT
DSM,DCA
DSM,DEN
DSM,DFW
DSM,DTW
DSM,EWR
DSM,IAH
DSM,LAS
DSM,LGA
DSM,MDW
DSM,MSP
DSM,ORD
DSM,PGD
DSM,PHX
DSM,PIE
DSM,SFB
DTW,ABE
DTW,ACY
DTW,ALB
DTW,APN
DTW,ATL
DTW,ATW
DTW,AUS
DTW,AVL
DTW,AVP
DTW,AZO
DTW,BDL
DTW,BGM
DTW,BGR
DTW,BHM
DTW,BMI
DTW,BNA
DTW,BOS
DTW,BTV
DTW,BUF
DTW,BWI
DTW,CAE
DTW,CAK
DTW,CHA
DTW,CHS
DTW,CID
DTW,CIU
DTW,CLE
DTW,CLT
DTW,CMH
DTW,CRW
DTW,CVG
DTW,CWA
DTW,DAY
DTW,DCA
DTW,DEN
DTW,DFW
DTW,DSM
DTW,ELM
DTW,ERI
DTW,ESC
DTW,EVV
DTW,EWR
DTW,FLL
DTW,FWA
DTW,GRB
DTW,GRR
DTW,GSO
DTW,GSP
DTW,HPN
DTW,HSV
DTW,IAD
DTW,IAH
DTW,ILG
DTW,IND
DTW,ITH
DTW,JAX
DTW,JFK
DTW,LAN
DTW,LAS
DTW,LAX
DTW,LEX
DTW,LGA
DTW,LIT
DTW,MBS
DTW,MCI
DTW,MCO
DTW,MDT
DTW,MDW
DTW,MEM
DTW,MHT
DTW,MIA
DTW,MKE
DTW,MLI
DTW,MQT
DTW,MSN
DTW,MSP
DTW,MSY
DTW,MYR
DTW,OKC
DTW,OMA
DTW,ORD
DTW,ORF
DTW,PBI
DTW,PDX
DTW,PHL
DTW,PHX
DTW,PIA
DTW,PIT
DTW,PLN
DTW,PVD
DTW,PWM
DTW,RDU
DTW,RIC
DTW,ROA
DTW,ROC
DTW,RSW
DTW,SAN
DTW,SAT
DTW,SAV
DTW,SBN
DTW,SCE
DTW,SDF
DTW,SEA
DTW,SFO
DTW,SLC
DTW,STL
DTW,SWF
DTW,SYR
DTW,TPA
DTW,TTN
DTW,TUL
DTW,TVC
DTW,TYS
DTW,XNA
DUJ,CLE
DUJ,FKL
DUT,AKB
DUT,IKO
DUT,KQA
EAT,SEA
EAU,ORD
ECP,ATL
ECP,BNA
ECP,BWI
ECP,HOU
ECP,STL
EEK,BET
EEK,KWN
EGE,DEN
EGX,AKN
EKO,SLC
ELD,DAL
ELD,HOT
ELI,GLV
ELI,KKA
ELI,OME
ELM,DTW
ELM,ORD
ELM,PHL
ELM,PIE
ELM,SFB
ELP,ATL
ELP,AUS
ELP,DAL
ELP,DEN
ELP,DFW
ELP,HOU
ELP,IAH
ELP,LAS
ELP,LAX
ELP,ORD
ELP,PHL
ELP,PHX
ELP,SAT
ELV,JNU
EMK,AUK
EMK,BET
EMK,KOT
ENA,ANC
ERI,CLE
ERI,DTW
ERI,PHL
ESC,DTW
ESD,FRD
EUG,AZA
EUG,DEN
EUG,LAS
EUG,LAX
EUG,OAK
EUG,PDX
EUG,SEA
EUG,SFO
EUG,SLC
EVV,ATL
EVV,DFW
EVV,DTW
EVV,ORD
EWB,ACK
EWB,HPN
EWB,MVY
EWN,ATL
EWN,CLT
EWR,ALB
EWR,ATL
EWR,AUS
EWR,BNA
EWR,BOS
EWR,BTV
EWR,BUF
EWR,BWI
EWR,CHS
EWR,CLE
EWR,CLT
EWR,CMH
EWR,CVG
EWR,DAY
EWR,DCA
EWR,DEN
EWR,DFW
EWR,DSM
EWR,DTW
EWR,FLL
EWR,GRR
EWR,GSO
EWR,GSP
EWR,HNL
EWR,HOU
EWR,IAD
EWR,IAH
EWR,IND
EWR,ITH
EWR,JAX
EWR,LAS
EWR,LAX
EWR,MCI
EWR,MCO
EWR,MDW
EWR,MEM
EWR,MHT
EWR,MIA
EWR,MKE
EWR,MSN
EWR,MSP
EWR,MSY
EWR,MYR
EWR,OKC
EWR,OMA
EWR,ORD
EWR,ORF
EWR,PBI
EWR,PDX
EWR,PHL
EWR,PHX
EWR,PIT
EWR,PVD
EWR,PWM
EWR,RDU
EWR,RIC
EWR,ROC
EWR,RSW
EWR,SAN
EWR,SAT
EWR,SAV
EWR,SDF
EWR,SEA
EWR,SFO
EWR,SLC
EWR,SNA
EWR,STL
EWR,SYR
EWR,TPA
EWR,TUL
EWR,TYS
EWR,XNA
EYW,ATL
EYW,FLL
EYW,LGA
EYW,MCO
EYW,MIA
EYW,MSY
EYW,RSW
EYW,TPA
FAI,AET
FAI,AKP
FAI,ANC
FAI,BTT
FAI,CEM
FAI,CIK
FAI,FYU
FAI,GAL
FAI,LMA
FAI,MLY
FAI,RBY
FAI,SCC
FAI,SEA
FAI,WBQ
FAR,ATL
FAR,AZA
FAR,DEN
FAR,DFW
FAR,LAS
FAR,MSP
FAR,ORD
FAR,PIE
FAR,SFB
FAR,SLC
FAT,DEN
FAT,DFW
FAT,LAS
FAT,LAX
FAT,PDX
FAT,PHX
FAT,SAN
FAT,SEA
FAT,SFO
FAT,SLC
FAY,ATL
FAY,CLT
FAY,DCA
FAY,IAD
FCA,DEN
FCA,LAS
FCA,MSP
FCA,SEA
FCA,SLC
FKL,CLE
FKL,DUJ
FLG,PHX
FLL,ACY
FLL,ALB
FLL,ATL
FLL,AUS
FLL,AVL
FLL,BDL
FLL,BNA
FLL,BOS
FLL,BUF
FLL,BWI
FLL,CLE
FLL,CLT
FLL,CMH
FLL,CVG
FLL,DCA
FLL,DEN
FLL,DFW
FLL,DTW
FLL,EWR
FLL,EYW
FLL,GSP
FLL,HOU
FLL,HPN
FLL,IAD
FLL,IAG
FLL,IAH
FLL,IND
FLL,ISP
FLL,JAX
FLL,JFK
FLL,LAS
FLL,LAX
FLL,LBE
FLL,LEX
FLL,LGA
FLL,MCI
FLL,MCO
FLL,MDW
FLL,MKE
FLL,MSP
FLL,MSY
FLL,MYR
FLL,ORD
FLL,ORH
FLL,PBG
FLL,PHL
FLL,PHX
FLL,PIT
FLL,PVD
FLL,RDU
FLL,RIC
FLL,SEA
FLL,SFO
FLL,STL
FLL,SWF
FLL,TPA
FLL,TTN
FLL,TYS
FLO,CLT
FMN,ALS
FMN,DEN
FMN,SOW
FNT,ATL
FNT,BWI
FNT,CLE
FNT,LAS
FNT,MCO
FNT,MSP
FNT,ORD
FNT,TPA
FOE,ORD
FRD,BFI
FSD,ATL
FSD,AZA
FSD,DEN
FSD,DFW
FSD,LAS
FSD,MSP
FSD,ORD
FSD,PIE
FSD,SFB
FSM,ATL
FSM,DFW
FWA,ATL
FWA,AZA
FWA,DFW
FWA,DTW
FWA,MSP
FWA,MYR
FWA,ORD
FWA,PGD
FWA,PIE
FWA,SFB
FYU,BTI
FYU,CIK
FYU,FAI
FYU,VEE
GAL,FAI
GAL,HSL
GAL,KAL
GAL,NUL
GAL,RBY
GAM,OME
GAM,SVA
GCC,DEN
GCC,RKS
GCC,SLC
GCK,DFW
GCN,PGA
GDV,BIL
GEG,BOI
GEG,DEN
GEG,LAS
GEG,LAX
GEG,MSP
GEG,OAK
GEG,PDX
GEG,PHX
GEG,SEA
GEG,SLC
GFK,AZA
GFK,LAS
GFK,MSP
GFK,SFB
GFK,TVF
GGG,DFW
GGW,BIL
GJT,DEN
GJT,DFW
GJT,IAH
GJT,LAS
GJT,PHX
GJT,SLC
GLH,TUP
GLV,ELI
GLV,OME
GLV,WMO
GNV,ATL
GNV,CLT
GNV,MCO
GNV,MIA
GNV,TPA
GPT,ATL
GPT,CLT
GPT,DFW
GPT,IAH
GRB,ATL
GRB,DTW
GRB,MSP
GRB,ORD
GRI,AZA
GRI,DFW
GRI,LAS
GRK,ATL
GRK,DFW
GRK,IAH
GRR,ATL
GRR,AZA
GRR,BWI
GRR,CLE
GRR,CVG
GRR,DEN
GRR,DFW
GRR,DTW
GRR,EWR
GRR,IAD
GRR,IAH
GRR,LAS
GRR,LGA
GRR,MCO
GRR,MSP
GRR,ORD
GRR,PIE
GRR,SFB
GRR,STL
GRR,TPA
GSO,ATL
GSO,CLT
GSO,DCA
GSO,DEN
GSO,DFW
GSO,DTW
GSO,EWR
GSO,IAD
GSO,LGA
GSO,MIA
GSO,ORD
GSO,PHL
GSO,PIE
GSO,SFB
GSP,ATL
GSP,BNA
GSP,BWI
GSP,CLE
GSP,CLT
GSP,DCA
GSP,DFW
GSP,DTW
GSP,EWR
GSP,FLL
GSP,HOU
GSP,IAD
GSP,IAH
GSP,LGA
GSP,MDW
GSP,ORD
GSP,PGD
GSP,PHL
GSP,PIE
GSP,SFB
GST,HNH
GST,JNU
GTF,AZA
GTF,DEN
GTF,HLN
GTF,LAS
GTF,MSP
GTF,SEA
GTF,SLC
GTR,ATL
GUC,DEN
HCR,ANI
HCR,ANV
HDN,DEN
HGR,IAD
HGR,SFB
HHH,CLT
HHH,DCA
HIB,MSP
HLN,DEN
HLN,GTF
HLN,MSP
HLN,SEA
HLN,SLC
HNH,GST
HNH,JNU
HNL,ANC
HNL,ATL
HNL,BLI
HNL,DEN
HNL,DFW
HNL,EWR
HNL,IAD
HNL,IAH
HNL,ITO
HNL,JFK
HNL,JHM
HNL,KOA
HNL,LAS
HNL,LAX
HNL,LIH
HNL,LNY
HNL,MKK
HNL,OAK
HNL,OGG
HNL,ORD
HNL,PDX
HNL,PHX
HNL,SAN
HNL,SEA
HNL,SFO
HNL,SJC
HNL,SLC
HNL,SMF
HNM,OGG
HNS,JNU
HNS,SGY
HOB,IAH
HOM,ANC
HON,PIR
HOT,ELD
HOT,MEM
HOU,ABQ
HOU,ATL
HOU,AUS
HOU,BHM
HOU,BKG
HOU,BNA
HOU,BOS
HOU,BWI
HOU,CHS
HOU,CLT
HOU,CRP
HOU,DAL
HOU,DCA
HOU,DEN
HOU,DFW
HOU,ECP
HOU,ELP
HOU,EWR
HOU,FLL
HOU,GSP
HOU,HRL
HOU,IND
HOU,ISP
HOU,JAN
HOU,JAX
HOU,JFK
HOU,LAS
HOU,LAX
HOU,LGA
HOU,LIT
HOU,MAF
HOU,MCI
HOU,MCO
HOU,MDW
HOU,MEM
HOU,MSY
HOU,OAK
HOU,OKC
HOU,PHX
HOU,PIT
HOU,PNS
HOU,PVD
HOU,RDU
HOU,SAN
HOU,SAT
HOU,SNA
HOU,STL
HOU,TPA
HOU,TUL
HPB,SCM
HPB,VAK
HPN,ACK
HPN,ATL
HPN,CLT
HPN,DCA
HPN,DTW
HPN,FLL
HPN,HYA
HPN,LEB
HPN,MCO
HPN,MVY
HPN,ORD
HPN,PBI
HPN,PHL
HPN,RSW
HPN,TPA
HRL,AUS
HRL,DAL
HRL,HOU
HRL,IAH
HRL,MAF
HRL,SAT
HRO,MCI
HRO,MEM
HSL,GAL
HSL,HUS
HSL,KYU
HSL,RBY
HSV,ATL
HSV,CLT
HSV,DCA
HSV,DEN
HSV,DFW
HSV,DTW
HSV,IAD
HSV,IAH
HSV,ORD
HTS,CLT
HTS,MYR
HTS,PIE
HTS,SFB
HUS,FAI
HVN,PHL
HVR,BIL
HYA,ACK
HYA,BOS
HYG,KTN
IAD,ALB
IAD,AOO
IAD,ATL
IAD,AUS
IAD,BDL
IAD,BGM
IAD,BKW
IAD,BNA
IAD,BOS
IAD,BTV
IAD,BUF
IAD,CAE
IAD,CHO
IAD,CHS
IAD,CLE
IAD,CLT
IAD,CMH
IAD,COS
IAD,CRW
IAD,CVG
IAD,DAY
IAD,DEN
IAD,DFW
IAD,DTW
IAD,EWR
IAD,FAY
IAD,FLL
IAD,GRR
IAD,GSO
IAD,GSP
IAD,HGR
IAD,HNL
IAD,HSV
IAD,IAH
IAD,IND
IAD,JAX
IAD,JFK
IAD,JST
IAD,LAS
IAD,LAX
IAD,LGA
IAD,LGB
IAD,LNS
IAD,LWB
IAD,MCI
IAD,MCO
IAD,MDT
IAD,MDW
IAD,MGW
IAD,MIA
IAD,MSP
IAD,MSY
IAD,OKC
IAD,OMA
IAD,ORD
IAD,ORF
IAD,PDX
IAD,PHL
IAD,PHX
IAD,PIT
IAD,PVD
IAD,PWM
IAD,RDU
IAD,RIC
IAD,ROA
IAD,ROC
IAD,SAN
IAD,SAT
IAD,SAV
IAD,SCE
IAD,SDF
IAD,SEA
IAD,SFO
IAD,SHD
IAD,SMF
IAD,STL
IAD,SYR
IAD,TPA
IAD,TUL
IAD,TYS
IAG,FLL
IAG,MYR
IAG,PGD
IAG,PIE
IAG,SFB
IAH,ABQ
IAH,ACY
IAH,AEX
IAH,AMA
IAH,ATL
IAH,AUS
IAH,BFL
IAH,BHM
IAH,BNA
IAH,BOS
IAH,BRO
IAH,BTR
IAH,BWI
IAH,CAE
IAH,CHS
IAH,CLE
IAH,CLL
IAH,CLT
IAH,CMH
IAH,COS
IAH,CRP
IAH,CRW
IAH,CVG
IAH,DAL
IAH,DCA
IAH,DEN
IAH,DFW
IAH,DSM
IAH,DTW
IAH,ELP
IAH,EWR
IAH,FLL
IAH,GJT
IAH,GPT
IAH,GRK
IAH,GRR
IAH,GSP
IAH,HNL
IAH,HOB
IAH,HRL
IAH,HSV
IAH,IAD
IAH,ICT
IAH,IND
IAH,JAN
IAH,JAX
IAH,LAS
IAH,LAX
IAH,LBB
IAH,LCH
IAH,LEX
IAH,LFT
IAH,LGA
IAH,LIT
IAH,LRD
IAH,MAF
IAH,MCI
IAH,MCO
IAH,MEM
IAH,MFE
IAH,MIA
IAH,MKE
IAH,MLU
IAH,MOB
IAH,MSP
IAH,MSY
IAH,OKC
IAH,OMA
IAH,ONT
IAH,ORD
IAH,ORF
IAH,PBI
IAH,PDX
IAH,PHL
IAH,PHX
IAH,PIT
IAH,PNS
IAH,PSP
IAH,RDU
IAH,RIC
IAH,RSW
IAH,SAN
IAH,SAT
IAH,SAV
IAH,SDF
IAH,SEA
IAH,SFO
IAH,SHV
IAH,SJC
IAH,SLC
IAH,SMF
IAH,SNA
IAH,STL
IAH,TPA
IAH,TUL
IAH,TUS
IAH,TYR
IAH,TYS
IAH,VCT
IAH,VPS
IAH,XNA
IAN,ORV
IAN,OTZ
ICT,ATL
ICT,AZA
ICT,DAL
ICT,DEN
ICT,DFW
ICT,IAH
ICT,LAS
ICT,LAX
ICT,MDW
ICT,MSP
ICT,ORD
IDA,AZA
IDA,DEN
IDA,LAS
IDA,SLC
IGG,AKN
IKO,DUT
ILG,DEN
ILG,DTW
ILG,MCO
ILG,MDW
ILG,RSW
ILG,TPA
ILI,ANC
ILM,ATL
ILM,CLT
ILM,DCA
ILM,LGA
ILM,PHL
IMT,MSP
IMT,RHI
IND,ATL
IND,BOS
IND,BWI
IND,CLE
IND,CLT
IND,DCA
IND,DEN
IND,DFW
IND,DTW
IND,EWR
IND,FLL
IND,HOU
IND,IAD
IND,IAH
IND,JFK
IND,LAS
IND,LAX
IND,LGA
IND,MCI
IND,MCO
IND,MEM
IND,MIA
IND,MSP
IND,ORD
IND,PHL
IND,PHX
IND,RDU
IND,RSW
IND,SFO
IND,SLC
IND,TPA
IND,TTN
INL,BRD
INL,MSP
IPL,BUR
IPL,SAN
IPT,PHL
IRC,FAI
IRK,STL
ISN,DEN
ISN,MSP
ISP,BOS
ISP,BWI
ISP,DCA
ISP,FLL
ISP,MCO
ISP,PBI
ISP,PGD
ISP,PHL
ISP,SNA
ISP,TPA
ITH,DTW
ITH,EWR
ITH,PHL
ITO,HNL
ITO,LAX
ITO,OGG
JAC,DEN
JAC,SLC
JAN,ATL
JAN,CLT
JAN,DCA
JAN,DFW
JAN,HOU
JAN,IAH
JAN,MCO
JAN,MDW
JAN,ORD
JAX,ATL
JAX,BNA
JAX,BOS
JAX,BWI
JAX,CLT
JAX,CVG
JAX,DCA
JAX,DEN
JAX,DFW
JAX,DTW
JAX,EWR
JAX,FLL
JAX,HOU
JAX,IAD
JAX,IAH
JAX,JFK
JAX,LAS
JAX,LGA
JAX,MDW
JAX,MIA
JAX,MSP
JAX,ORD
JAX,PHL
JAX,TPA
JBR,STL
JFK,ABQ
JFK,ATL
JFK,AUS
JFK,BNA
JFK,BOS
JFK,BTV
JFK,BUF
JFK,BUR
JFK,BWI
JFK,CHS
JFK,CLE
JFK,CLT
JFK,CMH
JFK,CVG
JFK,DCA
JFK,DEN
JFK,DFW
JFK,DTW
JFK,FLL
JFK,HNL
JFK,HOU
JFK,IAD
JFK,IND
JFK,JAX
JFK,LAS
JFK,LAX
JFK,LGB
JFK,MCO
JFK,MIA
JFK,MSP
JFK,MSY
JFK,OAK
JFK,ORD
JFK,ORF
JFK,PBI
JFK,PDX
JFK,PHL
JFK,PHX
JFK,PIT
JFK,PWM
JFK,RDU
JFK,RIC
JFK,ROC
JFK,RSW
JFK,SAN
JFK,SAT
JFK,SAV
JFK,SDF
JFK,SEA
JFK,SFO
JFK,SJC
JFK,SLC
JFK,SMF
JFK,SRQ
JFK,STL
JFK,SYR
JFK,TPA
JHM,HNL
JHM,KOA
JHW,BFD
JHW,CLE
JLN,DFW
JNU,AGN
JNU,ANC
JNU,GST
JNU,HNH
JNU,HNS
JNU,KTN
JNU,PSG
JNU,SEA
JNU,SGY
JNU,SIT
JNU,YAK
JST,AOO
JST,IAD
KAL,GAL
KAL,HSL
KAL,NUL
KFP,CDB
KKA,ELI
KKA,OME
KKA,SKK
KKA,UNK
KKH,BET
KKH,KWK
KLG,ANI
KLG,BET
KLG,RSH
KLN,KYK
KLW,KTN
KOA,DEN
KOA,HNL
KOA,JHM
KOA,LAX
KOA,OAK
KOA,OGG
KOA,PHX
KOA,SEA
KOA,SFO
KOA,SJC
KOT,EMK
KOT,KSM
KPN,BET
KPN,CYF
KPV,AKN
KQA,DUT
KSM,ANC
KSM,KOT
KSM,MOU
KTN,HYG
KTN,JNU
KTN,KLW
KTN,MTM
KTN,SEA
KTN,SIT
KTN,WRG
KTS,OME
KTS,TLA
KTS,WAA
KVC,CDB
KVL,OTZ
KWK,BET
KWK,KKH
KWK,KPN
KWN,BET
KWN,EEK
KWN,TOG
KWT,BET
KYU,FAI
KYU,GAL
LAM,ABQ
LAN,ATL
LAN,DCA
LAN,DTW
LAN,MSP
LAN,ORD
LAN,SFB
LAR,DEN
LAS,ABQ
LAS,ALB
LAS,AMA
LAS,ANC
LAS,ATL
LAS,ATW
LAS,AUS
LAS,AZA
LAS,BDL
LAS,BHM
LAS,BIL
LAS,BIS
LAS,BLI
LAS,BNA
LAS,BOI
LAS,BOS
LAS,BUF
LAS,BUR
LAS,BWI
LAS,BZN
LAS,CID
LAS,CLE
LAS,CLT
LAS,CMH
LAS,COS
LAS,CPR
LAS,CVG
LAS,DCA
LAS,DEN
LAS,DFW
LAS,DLH
LAS,DSM
LAS,DTW
LAS,ELP
LAS,EUG
LAS,EWR
LAS,FAR
LAS,FAT
LAS,FCA
LAS,FLL
LAS,FNT
LAS,FSD
LAS,GEG
LAS,GFK
LAS,GJT
LAS,GRI
LAS,GRR
LAS,GTF
LAS,HNL
LAS,HOU
LAS,IAD
LAS,IAH
LAS,ICT
LAS,IDA
LAS,IND
LAS,JAX
LAS,JFK
LAS,LAX
LAS,LBB
LAS,LGB
LAS,LIT
LAS,LRD
LAS,MAF
LAS,MCI
LAS,MCO
LAS,MDW
LAS,MEM
LAS,MFE
LAS,MFR
LAS,MIA
LAS,MKE
LAS,MLI
LAS,MOT
LAS,MRY
LAS,MSO
LAS,MSP
LAS,MSY
LAS,OAK
LAS,OKC
LAS,OMA
LAS,ONT
LAS,ORD
LAS,PDX
LAS,PHL
LAS,PHX
LAS,PIA
LAS,PIT
LAS,PSC
LAS,PSP
LAS,PVD
LAS,RAP
LAS,RDU
LAS,RFD
LAS,RNO
LAS,SAN
LAS,SAT
LAS,SBN
LAS,SCK
LAS,SDF
LAS,SEA
LAS,SFO
LAS,SGF
LAS,SHV
LAS,SJC
LAS,SLC
LAS,SMF
LAS,SMX
LAS,SNA
LAS,STL
LAS,TPA
LAS,TUL
LAS,TUS
LAS,XNA
LAW,DFW
LAX,ABQ
LAX,ANC
LAX,ASE
LAX,ATL
LAX,AUS
LAX,BDL
LAX,BFL
LAX,BLI
LAX,BNA
LAX,BOI
LAX,BOS
LAX,BWI
LAX,CLD
LAX,CLE
LAX,CLT
LAX,CMH
LAX,COS
LAX,CVG
LAX,DCA
LAX,DEN
LAX,DFW
LAX,DTW
LAX,ELP
LAX,EUG
LAX,EWR
LAX,FAT
LAX,FLL
LAX,GEG
LAX,HNL
LAX,HOU
LAX,IAD
LAX,IAH
LAX,ICT
LAX,IND
LAX,ITO
LAX,JFK
LAX,KOA
LAX,LAS
LAX,LIH
LAX,MCE
LAX,MCI
LAX,MCO
LAX,MDW
LAX,MEM
LAX,MFR
LAX,MIA
LAX,MKE
LAX,MMH
LAX,MRY
LAX,MSP
LAX,MSY
LAX,OAK
LAX,OGG
LAX,OKC
LAX,ORD
LAX,PBI
LAX,PDX
LAX,PHL
LAX,PHX
LAX,PIT
LAX,PRC
LAX,PSP
LAX,PVU
LAX,PWM
LAX,RDM
LAX,RDU
LAX,RNO
LAX,SAF
LAX,SAN
LAX,SAT
LAX,SBA
LAX,SBP
LAX,SEA
LAX,SFO
LAX,SJC
LAX,SLC
LAX,SMF
LAX,SMX
LAX,STL
LAX,STS
LAX,TPA
LAX,TUS
LAX,VIS
LAX,XNA
LAX,YUM
LBB,AUS
LBB,DAL
LBB,DEN
LBB,DFW
LBB,HRL
LBB,IAH
LBB,LAS
LBE,FLL
LBE,MCO
LBE,MYR
LBF,DEN
LBL,DDC
LBL,DEN
LCH,DFW
LCH,IAH
LCK,PIE
LCK,SFB
LEB,BOS
LEB,HPN
LEX,ATL
LEX,CLT
LEX,DCA
LEX,DFW
LEX,DTW
LEX,FLL
LEX,IAH
LEX,LGA
LEX,MSP
LEX,ORD
LEX,PGD
LEX,PIE
LEX,SFB
LFT,ATL
LFT,DFW
LFT,IAH
LGA,ATL
LGA,BGR
LGA,BHM
LGA,BNA
LGA,BOS
LGA,BTV
LGA,BUF
LGA,CAE
LGA,CAK
LGA,CHO
LGA,CHS
LGA,CLE
LGA,CLT
LGA,CMH
LGA,CVG
LGA,DAY
LGA,DCA
LGA,DEN
LGA,DFW
LGA,DSM
LGA,DTW
LGA,EYW
LGA,FLL
LGA,GRR
LGA,GSO
LGA,GSP
LGA,HOU
LGA,IAD
LGA,IAH
LGA,ILM
LGA,IND
LGA,JAX
LGA,LEX
LGA,LIT
LGA,MCI
LGA,MCO
LGA,MDW
LGA,MEM
LGA,MHT
LGA,MIA
LGA,MKE
LGA,MSN
LGA,MSP
LGA,MSY
LGA,MYR
LGA,OMA
LGA,ORD
LGA,ORF
LGA,PBI
LGA,PHL
LGA,PIT
LGA,PWM
LGA,RDU
LGA,RIC
LGA,ROA
LGA,ROC
LGA,RSW
LGA,SAV
LGA,SDF
LGA,SRQ
LGA,STL
LGA,SYR
LGA,TPA
LGA,TYS
LGA,XNA
LGB,AUS
LGB,BOS
LGB,IAD
LGB,JFK
LGB,LAS
LGB,OAK
LGB,PDX
LGB,PHX
LGB,SEA
LGB,SFO
LGB,SLC
LGB,SMF
LIH,DEN
LIH,HNL
LIH,LAX
LIH,OAK
LIH,OGG
LIH,PHX
LIH,SAN
LIH,SEA
LIH,SFO
LIH,SJC
LIT,ATL
LIT,BWI
LIT,CLT
LIT,DAL
LIT,DCA
LIT,DEN
LIT,DFW
LIT,DTW
LIT,HOU
LIT,IAH
LIT,LAS
LIT,LGA
LIT,MDW
LIT,ORD
LIT,PHX
LIT,SFB
LIT,STL
LMA,FAI
LMT,PDX
LMT,SFO
LNK,DEN
LNK,MSP
LNK,ORD
LNS,IAD
LNY,HNL
LNY,MKK
LNY,OGG
LRD,DFW
LRD,IAH
LRD,LAS
LSE,MSP
LSE,ORD
LUK,CLT
LUK,MDW
LUK,MMU
LUR,OTZ
LWB,ATL
LWB,IAD
LWS,BOI
LWS,PUW
LWS,SEA
LWS,SLC
LYH,CLT
MAF,DAL
MAF,DEN
MAF,DFW
MAF,HOU
MAF,IAH
MAF,LAS
MBL,MDW
MBS,ATL
MBS,DTW
MBS,MSP
MBS,ORD
MCE,LAX
MCG,ANC
MCG,ANI
MCG,NIB
MCI,ABQ
MCI,ATL
MCI,BNA
MCI,BOS
MCI,BWI
MCI,CLE
MCI,CLT
MCI,CVG
MCI,DAL
MCI,DCA
MCI,DEN
MCI,DFW
MCI,DTW
MCI,EWR
MCI,FLL
MCI,HOU
MCI,HRO
MCI,IAD
MCI,IAH
MCI,IND
MCI,LAS
MCI,LAX
MCI,LGA
MCI,MCO
MCI,MDW
MCI,MEM
MCI,MKE
MCI,MSP
MCI,MSY
MCI,OAK
MCI,ORD
MCI,PDX
MCI,PHL
MCI,PHX
MCI,SAN
MCI,SEA
MCI,SFO
MCI,SLC
MCI,SLN
MCI,STL
MCI,TPA
MCK,DEN
MCN,ATL
MCN,MCO
MCO,ACY
MCO,ALB
MCO,ATL
MCO,AUS
MCO,BDL
MCO,BHM
MCO,BMI
MCO,BNA
MCO,BOS
MCO,BUF
MCO,BWI
MCO,CAK
MCO,CLE
MCO,CLT
MCO,CMH
MCO,CVG
MCO,DAY
MCO,DCA
MCO,DEN
MCO,DFW
MCO,DTW
MCO,EWR
MCO,EYW
MCO,FLL
MCO,FNT
MCO,GNV
MCO,GRR
MCO,HOU
MCO,HPN
MCO,IAD
MCO,IAH
MCO,ILG
MCO,IND
MCO,ISP
MCO,JAN
MCO,JFK
MCO,LAS
MCO,LAX
MCO,LBE
MCO,LGA
MCO,MCI
MCO,MCN
MCO,MDT
MCO,MDW
MCO,MEM
MCO,MHT
MCO,MIA
MCO,MKE
MCO,MSP
MCO,MSY
MCO,OMA
MCO,ORD
MCO,ORF
MCO,ORH
MCO,PHL
MCO,PHX
MCO,PIT
MCO,PNS
MCO,PVD
MCO,RDU
MCO,RIC
MCO,ROC
MCO,RSW
MCO,SAN
MCO,SAT
MCO,SDF
MCO,SEA
MCO,SFO
MCO,SLC
MCO,STL
MCO,SWF
MCO,SYR
MCO,TLH
MCO,TTN
MDT,ATL
MDT,BOS
MDT,CLT
MDT,DEN
MDT,DTW
MDT,IAD
MDT,MCO
MDT,ORD
MDT,PHL
MDT,PIE
MDT,SFB
MDW,ABQ
MDW,ALB
MDW,ATL
MDW,AUS
MDW,BDL
MDW,BHM
MDW,BKG
MDW,BNA
MDW,BOS
MDW,BUF
MDW,BWI
MDW,CHS
MDW,CLE
MDW,CLT
MDW,CMH
MDW,DEN
MDW,DSM
MDW,DTW
MDW,EWR
MDW,FLL
MDW,GSP
MDW,HOU
MDW,IAD
MDW,ICT
MDW,ILG
MDW,JAN
MDW,JAX
MDW,LAS
MDW,LAX
MDW,LGA
MDW,LIT
MDW,LUK
MDW,MBL
MDW,MCI
MDW,MCO
MDW,MEM
MDW,MHT
MDW,MSP
MDW,MSY
MDW,OAK
MDW,OKC
MDW,OMA
MDW,ONT
MDW,ORF
MDW,PDX
MDW,PHL
MDW,PHX
MDW,PIT
MDW,PVD
MDW,RDU
MDW,RNO
MDW,ROC
MDW,RSW
MDW,SAN
MDW,SAT
MDW,SDF
MDW,SEA
MDW,SFO
MDW,SJC
MDW,SLC
MDW,SMF
MDW,STL
MDW,TPA
MDW,TTN
MDW,TUL
MDW,TUS
MEI,ATL
MEM,ATL
MEM,AUS
MEM,BWI
MEM,CLT
MEM,CVG
MEM,DCA
MEM,DEN
MEM,DFW
MEM,DTW
MEM,ELD
MEM,EWR
MEM,HOT
MEM,HOU
MEM,HRO
MEM,IAH
MEM,IND
MEM,LAS
MEM,LAX
MEM,LGA
MEM,MCI
MEM,MCO
MEM,MDW
MEM,MIA
MEM,MKL
MEM,MSP
MEM,MSY
MEM,ORD
MEM,PIT
MEM,RDU
MEM,SAT
MEM,SLC
MEM,TPA
MFE,DFW
MFE,IAH
MFE,LAS
MFR,DEN
MFR,LAS
MFR,LAX
MFR,PDX
MFR,SEA
MFR,SFO
MFR,SLC
MGM,ATL
MGM,CLT
MGM,DFW
MGW,CKB
MGW,IAD
MHK,DFW
MHK,ORD
MHT,ATL
MHT,BWI
MHT,CLT
MHT,DCA
MHT,DTW
MHT,EWR
MHT,LGA
MHT,MCO
MHT,MDW
MHT,MSP
MHT,ORD
MHT,PHL
MHT,TPA
MIA,APF
MIA,ATL
MIA,BDL
MIA,BHM
MIA,BNA
MIA,BOS
MIA,BWI
MIA,CHS
MIA,CLE
MIA,CLT
MIA,CMH
MIA,CVG
MIA,DCA
MIA,DEN
MIA,DFW
MIA,DTW
MIA,EWR
MIA,EYW
MIA,GNV
MIA,GSO
MIA,IAD
MIA,IAH
MIA,IND
MIA,JAX
MIA,JFK
MIA,LAS
MIA,LAX
MIA,LGA
MIA,MCO
MIA,MEM
MIA,MSP
MIA,MSY
MIA,ORD
MIA,ORF
MIA,PHL
MIA,PHX
MIA,PIT
MIA,PNS
MIA,RDU
MIA,RIC
MIA,SAN
MIA,SDF
MIA,SEA
MIA,SFO
MIA,STL
MIA,TLH
MIA,TPA
MIA,TUL
MKE,ATL
MKE,BOS
MKE,BWI
MKE,CLE
MKE,CLT
MKE,CVG
MKE,DCA
MKE,DEN
MKE,DFW
MKE,DTW
MKE,EWR
MKE,FLL
MKE,IAH
MKE,LAS
MKE,LAX
MKE,LGA
MKE,MCI
MKE,MCO
MKE,MSP
MKE,MSY
MKE,ORD
MKE,PHL
MKE,PHX
MKE,RSW
MKE,SEA
MKE,SFO
MKE,STL
MKE,TPA
MKG,ORD
MKK,HNL
MKK,OGG
MKL,BNA
MKL,MEM
MLB,ATL
MLB,CLT
MLI,ATL
MLI,AZA
MLI,DEN
MLI,DFW
MLI,DTW
MLI,LAS
MLI,MSP
MLI,ORD
MLI,PIE
MLI,SFB
MLL,RSH
MLU,ATL
MLU,DFW
MLU,IAH
MMH,LAX
MMU,CVG
MMU,LUK
MOB,ATL
MOB,CLT
MOB,DFW
MOB,IAH
MOB,ORD
MOD,SFO
MOT,AZA
MOT,DEN
MOT,LAS
MOT,MSP
MOU,KSM
MQT,DTW
MQT,ORD
MRY,DEN
MRY,LAS
MRY,LAX
MRY,PHX
MRY,SAN
MRY,SFO
MSL,ATL
MSN,ATL
MSN,CVG
MSN,DCA
MSN,DEN
MSN,DFW
MSN,DTW
MSN,EWR
MSN,LGA
MSN,MSP
MSN,ORD
MSN,SLC
MSO,AZA
MSO,DEN
MSO,LAS
MSO,MSP
MSO,PDX
MSO,SEA
MSO,SLC
MSP,ABQ
MSP,ABR
MSP,ALB
MSP,ANC
MSP,APN
MSP,ATL
MSP,ATW
MSP,ATY
MSP,AUS
MSP,AZO
MSP,BDL
MSP,BHM
MSP,BIL
MSP,BIS
MSP,BJI
MSP,BMI
MSP,BNA
MSP,BOI
MSP,BOS
MSP,BRD
MSP,BUF
MSP,BWI
MSP,BZN
MSP,CID
MSP,CLE
MSP,CLT
MSP,CMH
MSP,CVG
MSP,CWA
MSP,DAY
MSP,DCA
MSP,DEN
MSP,DFW
MSP,DIK
MSP,DLH
MSP,DSM
MSP,DTW
MSP,EWR
MSP,FAR
MSP,FCA
MSP,FLL
MSP,FNT
MSP,FSD
MSP,FWA
MSP,GEG
MSP,GFK
MSP,GRB
MSP,GRR
MSP,GTF
MSP,HIB
MSP,HLN
MSP,IAD
MSP,IAH
MSP,ICT
MSP,IMT
MSP,IND
MSP,INL
MSP,ISN
MSP,JAX
MSP,JFK
MSP,LAN
MSP,LAS
MSP,LAX
MSP,LEX
MSP,LGA
MSP,LNK
MSP,LSE
MSP,MBS
MSP,MCI
MSP,MCO
MSP,MDW
MSP,MEM
MSP,MIA
MSP,MKE
MSP,MLI
MSP,MOT
MSP,MSN
MSP,MSO
MSP,MSY
MSP,OAK
MSP,OKC
MSP,OMA
MSP,ORD
MSP,ORF
MSP,PDX
MSP,PHL
MSP,PHX
MSP,PIA
MSP,PIT
MSP,PSC
MSP,PSP
MSP,RAP
MSP,RDU
MSP,RHI
MSP,RIC
MSP,ROC
MSP,RST
MSP,RSW
MSP,SAN
MSP,SAT
MSP,SBN
MSP,SDF
MSP,SEA
MSP,SFO
MSP,SJC
MSP,SLC
MSP,SMF
MSP,SNA
MSP,STL
MSP,SYR
MSP,TPA
MSP,TUL
MSP,TUS
MSP,TVC
MSP,TYS
MSP,XNA
MSS,ALB
MSY,ATL
MSY,AUS
MSY,BNA
MSY,BOS
MSY,BWI
MSY,CLE
MSY,CLT
MSY,CVG
MSY,DAL
MSY,DCA
MSY,DEN
MSY,DFW
MSY,DTW
MSY,EWR
MSY,EYW
MSY,FLL
MSY,HOU
MSY,IAD
MSY,IAH
MSY,JFK
MSY,LAS
MSY,LAX
MSY,LGA
MSY,MCI
MSY,MCO
MSY,MDW
MSY,MEM
MSY,MIA
MSY,MKE
MSY,MSP
MSY,ORD
MSY,PHL
MSY,PHX
MSY,SAN
MSY,SFO
MSY,SLC
MSY,STL
MSY,TPA
MTJ,DEN
MTM,KTN
MUE,OGG
MVY,ACK
MVY,BOS
MVY,EWB
MVY,HPN
MWA,STL
MYR,ABE
MYR,ACY
MYR,ATL
MYR,BOS
MYR,BWI
MYR,CLT
MYR,CRW
MYR,DCA
MYR,DFW
MYR,DTW
MYR,EWR
MYR,FLL
MYR,FWA
MYR,HTS
MYR,IAG
MYR,LBE
MYR,LGA
MYR,ORD
MYR,PBG
MYR,PHL
MYR,YNG
MYU,BET
NIB,MCG
NLG,CDB
NME,OOK
NUI,BRW
NUI,SCC
NUL,GAL
NUL,KAL
NUL,KYU
OAJ,ATL
OAJ,CLT
OAJ,DCA
OAK,ABQ
OAK,AUS
OAK,AZA
OAK,BLI
OAK,BOI
OAK,BUR
OAK,CMH
OAK,DEN
OAK,DFW
OAK,EUG
OAK,GEG
OAK,HNL
OAK,HOU
OAK,JFK
OAK,KOA
OAK,LAS
OAK,LAX
OAK,LGB
OAK,LIH
OAK,MCI
OAK,MDW
OAK,OGG
OAK,OKC
OAK,ONT
OAK,ORD
OAK,PDX
OAK,PHX
OAK,PVU
OAK,SAN
OAK,SEA
OAK,SLC
OAK,SNA
OBU,ABL
OBU,OTZ
OGD,AZA
OGG,DEN
OGG,DFW
OGG,HNL
OGG,HNM
OGG,ITO
OGG,KOA
OGG,LAX
OGG,LIH
OGG,LNY
OGG,MKK
OGG,MUE
OGG,OAK
OGG,ORD
OGG,PDX
OGG,PHX
OGG,SAN
OGG,SEA
OGG,SFO
OGG,SJC
OGG,SMF
OGS,ALB
OKC,ATL
OKC,BWI
OKC,DAL
OKC,DEN
OKC,DFW
OKC,DTW
OKC,EWR
OKC,HOU
OKC,IAD
OKC,IAH
OKC,LAS
OKC,LAX
OKC,MDW
OKC,MSP
OKC,ORD
OKC,PHX
OKC,SFB
OKC,SFO
OKC,SLC
OKC,STL
OLF,BIL
OMA,ATL
OMA,CLT
OMA,DCA
OMA,DEN
OMA,DFW
OMA,DTW
OMA,EWR
OMA,IAH
OMA,LAS
OMA,LGA
OMA,MCO
OMA,MDW
OMA,MSP
OMA,ORD
OMA,PHX
OMA,SAN
OMA,SEA
OMA,SLC
OMA,STL
OME,ANC
OME,ELI
OME,GAM
OME,GLV
OME,KKA
OME,KTS
OME,OTZ
OME,SHH
OME,SKK
OME,SVA
OME,TLA
OME,TNC
OME,UNK
OME,WAA
OME,WMO
ONT,DEN
ONT,DFW
ONT,IAH
ONT,LAS
ONT,MDW
ONT,OAK
ONT,PDX
ONT,PHX
ONT,SEA
ONT,SFO
ONT,SJC
ONT,SLC
ONT,SMF
OOK,MYU
ORD,ABE
ORD,ABQ
ORD,ACY
ORD,ALB
ORD,ALO
ORD,ANC
ORD,ART
ORD,ATL
ORD,ATW
ORD,AUS
ORD,AVL
ORD,AVP
ORD,AZO
ORD,BDL
ORD,BHM
ORD,BMI
ORD,BNA
ORD,BOI
ORD,BOS
ORD,BRL
ORD,BTV
ORD,BUF
ORD,BWI
ORD,BZN
ORD,CAE
ORD,CAK
ORD,CHA
ORD,CHO
ORD,CHS
ORD,CID
ORD,CLE
ORD,CLT
ORD,CMH
ORD,CMI
ORD,CMX
ORD,COS
ORD,COU
ORD,CRW
ORD,CVG
ORD,CWA
ORD,DAY
ORD,DBQ
ORD,DCA
ORD,DEC
ORD,DEN
ORD,DFW
ORD,DLH
ORD,DSM
ORD,DTW
ORD,EAU
ORD,ELM
ORD,ELP
ORD,EVV
ORD,EWR
ORD,FAR
ORD,FLL
ORD,FNT
ORD,FOE
ORD,FSD
ORD,FWA
ORD,GRB
ORD,GRR
ORD,GSO
ORD,GSP
ORD,HNL
ORD,HPN
ORD,HSV
ORD,IAD
ORD,IAH
ORD,ICT
ORD,IND
ORD,JAN
ORD,JAX
ORD,JFK
ORD,LAN
ORD,LAS
ORD,LAX
ORD,LEX
ORD,LGA
ORD,LIT
ORD,LNK
ORD,LSE
ORD,MBS
ORD,MCI
ORD,MCO
ORD,MDT
ORD,MEM
ORD,MHK
ORD,MHT
ORD,MIA
ORD,MKE
ORD,MKG
ORD,MLI
ORD,MOB
ORD,MQT
ORD,MSN
ORD,MSP
ORD,MSY
ORD,MYR
ORD,OAK
ORD,OGG
ORD,OKC
ORD,OMA
ORD,ORF
ORD,PAH
ORD,PBI
ORD,PDX
ORD,PHL
ORD,PHX
ORD,PIA
ORD,PIT
ORD,PNS
ORD,PSP
ORD,PVD
ORD,PWM
ORD,RAP
ORD,RDU
ORD,RIC
ORD,RNO
ORD,ROA
ORD,ROC
ORD,RST
ORD,RSW
ORD,SAN
ORD,SAT
ORD,SAV
ORD,SBN
ORD,SCE
ORD,SDF
ORD,SEA
ORD,SFO
ORD,SGF
ORD,SJC
ORD,SLC
ORD,SMF
ORD,SNA
ORD,SPI
ORD,SRQ
ORD,STC
ORD,STL
ORD,SUX
ORD,SYR
ORD,TOL
ORD,TPA
ORD,TUL
ORD,TUS
ORD,TVC
ORD,TYS
ORD,XNA
ORF,ATL
ORF,BWI
ORF,CLT
ORF,DCA
ORF,DFW
ORF,DTW
ORF,EWR
ORF,IAD
ORF,IAH
ORF,JFK
ORF,LGA
ORF,MCO
ORF,MDW
ORF,MIA
ORF,MSP
ORF,ORD
ORF,PHL
ORH,FLL
ORH,MCO
ORV,IAN
ORV,OTZ
OTH,PDX
OTH,SFO
OTZ,ABL
OTZ,ANC
OTZ,BKC
OTZ,DRG
OTZ,IAN
OTZ,KVL
OTZ,OME
OTZ,ORV
OTZ,SHG
OTZ,WLK
OTZ,WTK
OWB,SFB
OWB,STL
PAH,ORD
PBG,BOS
PBG,FLL
PBG,MYR
PBG,PIE
PBG,SFB
PBI,ATL
PBI,BDL
PBI,BOS
PBI,BWI
PBI,CLE
PBI,CLT
PBI,DCA
PBI,DFW
PBI,DTW
PBI,EWR
PBI,HPN
PBI,IAH
PBI,ISP
PBI,JFK
PBI,LAX
PBI,LGA
PBI,ORD
PBI,PHL
PBI,TPA
PDT,PDX
PDX,ABQ
PDX,ANC
PDX,ATL
PDX,BIL
PDX,BLI
PDX,BOI
PDX,BOS
PDX,BUR
PDX,CLT
PDX,DCA
PDX,DEN
PDX,DFW
PDX,DTW
PDX,EUG
PDX,EWR
PDX,FAT
PDX,GEG
PDX,HNL
PDX,IAD
PDX,IAH
PDX,JFK
PDX,LAS
PDX,LAX
PDX,LGB
PDX,LMT
PDX,MCI
PDX,MDW
PDX,MFR
PDX,MSO
PDX,MSP
PDX,OAK
PDX,OGG
PDX,OKC
PDX,ONT
PDX,ORD
PDX,OTH
PDX,PDT
PDX,PHL
PDX,PHX
PDX,PSC
PDX,PSP
PDX,RDM
PDX,RNO
PDX,SAN
PDX,SBA
PDX,SEA
PDX,SFO
PDX,SJC
PDX,SLC
PDX,SMF
PDX,SNA
PDX,STS
PDX,TUS
PGA,DEN
PGA,GCN
PGA,PHX
PGD,ABE
PGD,AVL
PGD,CID
PGD,CVG
PGD,DSM
PGD,FWA
PGD,GSP
PGD,IAG
PGD,ISP
PGD,LEX
PGD,PIA
PGD,RFD
PGD,SBN
PGD,SGF
PGD,SPI
PGD,TOL
PGD,TYS
PGD,YNG
PGV,CLT
PHF,ATL
PHF,CLT
PHF,DEN
PHF,PHL
PHF,SFB
PHL,ABE
PHL,ALB
PHL,ART
PHL,ATL
PHL,AUS
PHL,AVP
PHL,BDL
PHL,BGM
PHL,BGR
PHL,BHM
PHL,BNA
PHL,BOS
PHL,BTV
PHL,BUF
PHL,BWI
PHL,CAE
PHL,CAK
PHL,CHO
PHL,CHS
PHL,CLE
PHL,CLT
PHL,CMH
PHL,CVG
PHL,DAY
PHL,DCA
PHL,DEN
PHL,DFW
PHL,DTW
PHL,ELM
PHL,ERI
PHL,EWR
PHL,FLL
PHL,GSO
PHL,GSP
PHL,HPN
PHL,HVN
PHL,IAD
PHL,IAH
PHL,ICT
PHL,ILM
PHL,IND
PHL,IPT
PHL,ISP
PHL,ITH
PHL,JAX
PHL,JFK
PHL,LAS
PHL,LAX
PHL,LGA
PHL,MCI
PHL,MCO
PHL,MDT
PHL,MDW
PHL,MHT
PHL,MIA
PHL,MKE
PHL,MSP
PHL,MSY
PHL,MYR
PHL,ORD
PHL,ORF
PHL,PBI
PHL,PDX
PHL,PHF
PHL,PHX
PHL,PIT
PHL,PVD
PHL,PWM
PHL,RDU
PHL,RIC
PHL,ROA
PHL,ROC
PHL,RSW
PHL,SAN
PHL,SAT
PHL,SAV
PHL,SBY
PHL,SCE
PHL,SDF
PHL,SEA
PHL,SFO
PHL,SLC
PHL,STL
PHL,SWF
PHL,SYR
PHL,TPA
PHL,TYS
PHX,ABQ
PHX,ANC
PHX,ATL
PHX,AUS
PHX,BFL
PHX,BNA
PHX,BOI
PHX,BOS
PHX,BUF
PHX,BUR
PHX,BWI
PHX,CLE
PHX,CLT
PHX,CMH
PHX,DCA
PHX,DEN
PHX,DFW
PHX,DRO
PHX,DSM
PHX,DTW
PHX,ELP
PHX,EWR
PHX,FAT
PHX,FLG
PHX,FLL
PHX,GEG
PHX,GJT
PHX,HNL
PHX,HOU
PHX,IAD
PHX,IAH
PHX,IND
PHX,JFK
PHX,KOA
PHX,LAS
PHX,LAX
PHX,LGB
PHX,LIH
PHX,LIT
PHX,MCI
PHX,MCO
PHX,MDW
PHX,MIA
PHX,MKE
PHX,MRY
PHX,MSP
PHX,MSY
PHX,OAK
PHX,OGG
PHX,OKC
PHX,OMA
PHX,ONT
PHX,ORD
PHX,PDX
PHX,PGA
PHX,PHL
PHX,PIT
PHX,PSP
PHX,RDU
PHX,RNO
PHX,SAN
PHX,SAT
PHX,SBA
PHX,SBP
PHX,SDF
PHX,SEA
PHX,SFO
PHX,SJC
PHX,SLC
PHX,SMF
PHX,SNA
PHX,SOW
PHX,STL
PHX,TPA
PHX,TUL
PHX,TUS
PHX,YUM
PIA,ATL
PIA,AZA
PIA,DEN
PIA,DFW
PIA,DTW
PIA,LAS
PIA,MSP
PIA,ORD
PIA,PGD
PIA,PIE
PIB,ATL
PIE,ABE
PIE,AVL
PIE,BGR
PIE,CHA
PIE,CID
PIE,DSM
PIE,ELM
PIE,FAR
PIE,FSD
PIE,FWA
PIE,GRR
PIE,GSO
PIE,GSP
PIE,HTS
PIE,IAG
PIE,LCK
PIE,LEX
PIE,MDT
PIE,MLI
PIE,PBG
PIE,PIA
PIE,RFD
PIE,ROA
PIE,SBN
PIE,SGF
PIE,SWF
PIE,SYR
PIE,TOL
PIE,TRI
PIE,TYS
PIE,YNG
PIH,SLC
PIR,ATY
PIR,DEN
PIR,HON
PIT,ATL
PIT,BDL
PIT,BNA
PIT,BOS
PIT,BWI
PIT,CLT
PIT,CVG
PIT,DCA
PIT,DEN
PIT,DFW
PIT,DTW
PIT,EWR
PIT,FLL
PIT,HOU
PIT,IAD
PIT,IAH
PIT,JFK
PIT,LAS
PIT,LAX
PIT,LGA
PIT,MCO
PIT,MDW
PIT,MEM
PIT,MIA
PIT,MSP
PIT,ORD
PIT,PHL
PIT,PHX
PIT,RDU
PIT,RSW
PIT,SFO
PIT,STL
PIT,TPA
PIZ,BRW
PKA,BET
PKB,CLE
PLN,DTW
PNS,ATL
PNS,BNA
PNS,CLT
PNS,DCA
PNS,DFW
PNS,HOU
PNS,IAH
PNS,MCO
PNS,MIA
PNS,ORD
PNS,TPA
PQI,BOS
PRC,LAX
PSC,AZA
PSC,DEN
PSC,LAS
PSC,MSP
PSC,PDX
PSC,SEA
PSC,SFO
PSC,SLC
PSG,JNU
PSG,WRG
PSM,SFB
PSP,BLI
PSP,DEN
PSP,DFW
PSP,IAH
PSP,LAS
PSP,LAX
PSP,MSP
PSP,ORD
PSP,PDX
PSP,PHX
PSP,SEA
PSP,SFO
PSP,SLC
PSP,SMF
PTH,AKN
PTU,BET
PUB,DEN
PUW,LWS
PUW,SEA
PVC,BOS
PVD,ATL
PVD,BWI
PVD,CLT
PVD,DCA
PVD,DTW
PVD,EWR
PVD,FLL
PVD,IAD
PVD,LAS
PVD,MCO
PVD,MDW
PVD,ORD
PVD,PHL
PVD,RSW
PVD,SAN
PVD,SLC
PVD,TPA
PVU,AZA
PVU,LAX
PVU,OAK
PWM,BWI
PWM,JFK
RAP,AZA
RAP,DEN
RAP,DFW
RAP,LAS
RAP,MSP
RAP,ORD
RAP,SLC
RBY,FAI
RBY,GAL
RDD,SFO
RDM,DEN
RDM,LAX
RDM,PDX
RDM,SEA
RDM,SFO
RDM,SLC
RDU,ATL
RDU,BDL
RDU,BNA
RDU,BOS
RDU,BWI
RDU,CLT
RDU,CMH
RDU,CVG
RDU,DCA
RDU,DEN
RDU,DFW
RDU,DTW
RDU,EWR
RDU,FLL
RDU,HOU
RDU,IAD
RDU,IAH
RDU,IND
RDU,JFK
RDU,LAS
RDU,LAX
RDU,LGA
RDU,MCO
RDU,MDW
RDU,MEM
RDU,MIA
RDU,MSP
RDU,ORD
RDU,PHL
RDU,PHX
RDU,PIT
RDU,SFO
RDU,SLC
RDU,STL
RDU,TPA
RDU,TTN
RFD,AZA
RFD,LAS
RFD,PGD
RFD,PIE
RFD,SFB
RHI,IMT
RHI,MSP
RIC,ATL
RIC,BOS
RIC,CLE
RIC,CLT
RIC,CVG
RIC,DFW
RIC,DTW
RIC,EWR
RIC,FLL
RIC,IAD
RIC,IAH
RIC,JFK
RIC,LGA
RIC,MCO
RIC,MIA
RIC,MSP
RIC,ORD
RIC,PHL
RIW,DEN
RKD,BOS
RKS,DEN
RKS,GCC
RKS,SLC
RNO,DEN
RNO,DFW
RNO,LAS
RNO,LAX
RNO,MDW
RNO,ORD
RNO,PDX
RNO,PHX
RNO,SAN
RNO,SEA
RNO,SFO
RNO,SJC
RNO,SLC
ROA,ATL
ROA,CLT
ROA,DTW
ROA,IAD
ROA,LGA
ROA,ORD
ROA,PHL
ROA,PIE
ROA,SFB
ROC,ATL
ROC,BOS
ROC,BWI
ROC,CLE
ROC,CLT
ROC,DCA
ROC,DTW
ROC,EWR
ROC,IAD
ROC,JFK
ROC,LGA
ROC,MCO
ROC,MDW
ROC,MSP
ROC,ORD
ROC,PHL
ROC,TPA
ROW,DFW
RSH,ANI
RSH,BET
RSH,KLG
RST,AZA
RST,MSP
RST,ORD
RSW,ACY
RSW,ATL
RSW,BDL
RSW,BOS
RSW,BWI
RSW,CLE
RSW,CLT
RSW,CMH
RSW,CVG
RSW,DCA
RSW,DEN
RSW,DFW
RSW,DTW
RSW,EWR
RSW,EYW
RSW,HPN
RSW,IAH
RSW,ILG
RSW,IND
RSW,JFK
RSW,LGA
RSW,MCO
RSW,MDW
RSW,MKE
RSW,MSP
RSW,ORD
RSW,PHL
RSW,PIT
RSW,PVD
RSW,STL
RSW,TTN
RUT,BOS
SAF,DEN
SAF,DFW
SAF,LAX
SAN,ABQ
SAN,ATL
SAN,AUS
SAN,BLI
SAN,BNA
SAN,BOI
SAN,BOS
SAN,BWI
SAN,CLT
SAN,DCA
SAN,DEN
SAN,DFW
SAN,DTW
SAN,EWR
SAN,FAT
SAN,HNL
SAN,HOU
SAN,IAD
SAN,IAH
SAN,IPL
SAN,JFK
SAN,LAS
SAN,LAX
SAN,LIH
SAN,MCI
SAN,MCO
SAN,MDW
SAN,MIA
SAN,MRY
SAN,MSP
SAN,MSY
SAN,OAK
SAN,OGG
SAN,ORD
SAN,PDX
SAN,PHL
SAN,PHX
SAN,RNO
SAN,SAT
SAN,SDF
SAN,SEA
SAN,SFO
SAN,SJC
SAN,SLC
SAN,SMF
SAN,STL
SAN,STS
SAN,TUS
SAT,ATL
SAT,BNA
SAT,BWI
SAT,CLT
SAT,DAL
SAT,DEN
SAT,DFW
SAT,DTW
SAT,ELP
SAT,EWR
SAT,HOU
SAT,HRL
SAT,IAD
SAT,IAH
SAT,JFK
SAT,LAS
SAT,LAX
SAT,MCO
SAT,MDW
SAT,MEM
SAT,MSP
SAT,ORD
SAT,PHL
SAT,PHX
SAT,SAN
SAT,SEA
SAT,SFO
SAT,SLC
SAT,STL
SAT,TPA
SAV,ATL
SAV,BOS
SAV,CLT
SAV,DCA
SAV,DFW
SAV,DTW
SAV,EWR
SAV,IAD
SAV,IAH
SAV,JFK
SAV,LGA
SAV,ORD
SAV,PHL
SBA,DEN
SBA,LAX
SBA,PDX
SBA,PHX
SBA,SEA
SBA,SFO
SBN,ATL
SBN,AZA
SBN,DTW
SBN,LAS
SBN,MSP
SBN,ORD
SBN,PGD
SBN,PIE
SBN,SFB
SBP,LAX
SBP,PHX
SBP,SFO
SBY,CLT
SBY,PHL
SCC,ANC
SCC,BRW
SCC,BTI
SCC,FAI
SCC,NUI
SCE,DTW
SCE,IAD
SCE,ORD
SCE,PHL
SCK,LAS
SCM,BET
SDF,ATL
SDF,BWI
SDF,CLE
SDF,CLT
SDF,DCA
SDF,DEN
SDF,DFW
SDF,DTW
SDF,EWR
SDF,IAD
SDF,IAH
SDF,JFK
SDF,LAS
SDF,LGA
SDF,MCO
SDF,MDW
SDF,MIA
SDF,MSP
SDF,ORD
SDF,PHL
SDF,PHX
SDF,TPA
SDP,ANC
SDY,BIL
SEA,ABQ
SEA,ALW
SEA,ANC
SEA,ATL
SEA,AUS
SEA,BIL
SEA,BLI
SEA,BOI
SEA,BOS
SEA,BUR
SEA,BWI
SEA,BZN
SEA,CLT
SEA,COS
SEA,DCA
SEA,DEN
SEA,DFW
SEA,DTW
SEA,EAT
SEA,EUG
SEA,EWR
SEA,FAI
SEA,FAT
SEA,FCA
SEA,FLL
SEA,GEG
SEA,GTF
SEA,HNL
SEA,IAD
SEA,IAH
SEA,JFK
SEA,JNU
SEA,KOA
SEA,KTN
SEA,LAS
SEA,LAX
SEA,LGB
SEA,LIH
SEA,LWS
SEA,MCI
SEA,MCO
SEA,MDW
SEA,MFR
SEA,MIA
SEA,MKE
SEA,MSO
SEA,MSP
SEA,OAK
SEA,OGG
SEA,OMA
SEA,ONT
SEA,ORD
SEA,PDX
SEA,PHL
SEA,PHX
SEA,PSC
SEA,PSP
SEA,PUW
SEA,RDM
SEA,RNO
SEA,SAN
SEA,SAT
SEA,SBA
SEA,SFO
SEA,SJC
SEA,SLC
SEA,SMF
SEA,SNA
SEA,STL
SEA,STS
SEA,TUS
SEA,YKM
SFB,ABE
SFB,ATW
SFB,AVL
SFB,AVP
SFB,BGR
SFB,BIS
SFB,BLV
SFB,BMI
SFB,BTV
SFB,CHA
SFB,CID
SFB,CKB
SFB,CVG
SFB,DSM
SFB,ELM
SFB,FAR
SFB,FSD
SFB,FWA
SFB,GFK
SFB,GRR
SFB,GSO
SFB,GSP
SFB,HGR
SFB,HTS
SFB,IAG
SFB,LAN
SFB,LCK
SFB,LEX
SFB,LIT
SFB,MDT
SFB,MIA
SFB,MLI
SFB,OKC
SFB,OWB
SFB,PBG
SFB,PHF
SFB,PSM
SFB,RFD
SFB,ROA
SFB,SBN
SFB,SGF
SFB,SPI
SFB,TOL
SFB,TRI
SFB,TUL
SFB,TYS
SFB,XNA
SFB,YNG
SFO,ABQ
SFO,ACV
SFO,ATL
SFO,AUS
SFO,BFL
SFO,BOI
SFO,BOS
SFO,BUR
SFO,BWI
SFO,CEC
SFO,CIC
SFO,CLE
SFO,CLT
SFO,COS
SFO,CVG
SFO,DCA
SFO,DEN
SFO,DFW
SFO,DTW
SFO,EUG
SFO,EWR
SFO,FAT
SFO,FLL
SFO,HNL
SFO,IAD
SFO,IAH
SFO,IND
SFO,JFK
SFO,KOA
SFO,LAS
SFO,LAX
SFO,LGB
SFO,LIH
SFO,LMT
SFO,MCI
SFO,MCO
SFO,MDW
SFO,MFR
SFO,MIA
SFO,MKE
SFO,MOD
SFO,MRY
SFO,MSP
SFO,MSY
SFO,OGG
SFO,OKC
SFO,ONT
SFO,ORD
SFO,ORF
SFO,OTH
SFO,PDX
SFO,PHL
SFO,PHX
SFO,PIT
SFO,PSC
SFO,PSP
SFO,RDD
SFO,RDM
SFO,RDU
SFO,RNO
SFO,SAN
SFO,SAT
SFO,SBA
SFO,SBP
SFO,SEA
SFO,SLC
SFO,SMF
SFO,SNA
SFO,STL
SFO,TUS
SGF,ATL
SGF,AZA
SGF,DEN
SGF,DFW
SGF,LAS
SGF,ORD
SGF,PGD
SGF,PIE
SGF,SFB
SGU,DEN
SGU,SLC
SGY,HNS
SGY,JNU
SHD,IAD
SHG,OBU
SHH,OME
SHH,WAA
SHR,DEN
SHV,ATL
SHV,DEN
SHV,DFW
SHV,IAH
SHV,LAS
SHX,ANI
SIT,JNU
SIT,KTN
SJC,ATL
SJC,AUS
SJC,BOI
SJC,BOS
SJC,BUR
SJC,DEN
SJC,DFW
SJC,HNL
SJC,IAH
SJC,JFK
SJC,KOA
SJC,LAS
SJC,LAX
SJC,LIH
SJC,MDW
SJC,MSP
SJC,OGG
SJC,ONT
SJC,ORD
SJC,PDX
SJC,PHX
SJC,RNO
SJC,SAN
SJC,SEA
SJC,SLC
SJC,SNA
SJT,DFW
SKK,KKA
SKK,OME
SKK,UNK
SLC,ABQ
SLC,ANC
SLC,ATL
SLC,AUS
SLC,BIL
SLC,BNA
SLC,BOI
SLC,BOS
SLC,BTM
SLC,BUR
SLC,BWI
SLC,BZN
SLC,CDC
SLC,CLT
SLC,CNY
SLC,COD
SLC,COS
SLC,CPR
SLC,CVG
SLC,DCA
SLC,DEN
SLC,DFW
SLC,DTW
SLC,EKO
SLC,EUG
SLC,EWR
SLC,FAR
SLC,FAT
SLC,FCA
SLC,GCC
SLC,GEG
SLC,GJT
SLC,GTF
SLC,HLN
SLC,HNL
SLC,IAH
SLC,IDA
SLC,IND
SLC,JAC
SLC,JFK
SLC,LAS
SLC,LAX
SLC,LGB
SLC,LWS
SLC,MCI
SLC,MCO
SLC,MDW
SLC,MEM
SLC,MFR
SLC,MHT
SLC,MSN
SLC,MSO
SLC,MSP
SLC,MSY
SLC,OAK
SLC,OKC
SLC,OMA
SLC,ONT
SLC,ORD
SLC,PDX
SLC,PHL
SLC,PHX
SLC,PIH
SLC,PSC
SLC,PSP
SLC,RAP
SLC,RDM
SLC,RDU
SLC,RKS
SLC,RNO
SLC,SAN
SLC,SAT
SLC,SEA
SLC,SFO
SLC,SGU
SLC,SJC
SLC,SMF
SLC,SNA
SLC,STL
SLC,TUL
SLC,TUS
SLC,TWF
SLC,VEL
SLK,BOS
SLN,MCI
SLQ,ANI
SMF,ACV
SMF,ATL
SMF,BOI
SMF,BUR
SMF,CLT
SMF,DEN
SMF,DFW
SMF,HNL
SMF,IAD
SMF,IAH
SMF,JFK
SMF,LAS
SMF,LAX
SMF,LGB
SMF,MDW
SMF,MSP
SMF,OGG
SMF,ONT
SMF,ORD
SMF,PDX
SMF,PHX
SMF,PSP
SMF,SAN
SMF,SEA
SMF,SFO
SMF,SLC
SMF,SNA
SMK,UNK
SMX,LAS
SMX,LAX
SNA,ATL
SNA,DEN
SNA,DFW
SNA,EWR
SNA,HOU
SNA,IAH
SNA,LAS
SNA,MSP
SNA,OAK
SNA,ORD
SNA,PDX
SNA,PHX
SNA,SEA
SNA,SFO
SNA,SJC
SNA,SLC
SNA,SMF
SNP,ANC
SNP,STG
SOW,FMN
SOW,PHX
SPS,DFW
SRQ,ATL
SRQ,CLT
SRQ,DCA
SRQ,JFK
SRQ,LGA
SRQ,ORD
STC,AZA
STC,ORD
STG,ANC
STG,SNP
STL,ATL
STL,BNA
STL,BOS
STL,BRL
STL,BWI
STL,CGI
STL,CLE
STL,CLT
STL,CMH
STL,CVG
STL,DAL
STL,DCA
STL,DEC
STL,DEN
STL,DFW
STL,DTW
STL,ECP
STL,EWR
STL,FLL
STL,GRR
STL,HOU
STL,IAD
STL,IAH
STL,IRK
STL,JBR
STL,JFK
STL,LAS
STL,LAX
STL,LGA
STL,MCI
STL,MCO
STL,MDW
STL,MIA
STL,MKE
STL,MSP
STL,MSY
STL,MWA
STL,OKC
STL,OMA
STL,ORD
STL,OWB
STL,PHL
STL,PHX
STL,PIT
STL,RDU
STL,RSW
STL,SAN
STL,SAT
STL,SEA
STL,SFO
STL,SLC
STL,TBN
STL,TPA
STL,TUL
STL,UIN
STS,LAX
STS,PDX
STS,SAN
STS,SEA
SUX,ORD
SVA,GAM
SVA,OME
SWF,DTW
SWF,FLL
SWF,MCO
SWF,PHL
SWF,PIE
SYR,ATL
SYR,BOS
SYR,CLE
SYR,CLT
SYR,DCA
SYR,DTW
SYR,EWR
SYR,IAD
SYR,JFK
SYR,LGA
SYR,MCO
SYR,MSP
SYR,ORD
SYR,PHL
SYR,PIE
TBN,STL
TEB,ACK
TLA,KTS
TLA,OME
TLH,ATL
TLH,CLT
TLH,DCA
TLH,DFW
TLH,MCO
TLH,MIA
TLH,TPA
TLJ,MCG
TNC,WAA
TOG,KWN
TOL,ORD
TOL,PGD
TOL,PIE
TOL,SFB
TPA,ACY
TPA,ALB
TPA,ATL
TPA,AUS
TPA,BDL
TPA,BHM
TPA,BNA
TPA,BOS
TPA,BUF
TPA,BWI
TPA,CAK
TPA,CLE
TPA,CLT
TPA,CMH
TPA,CVG
TPA,DAY
TPA,DCA
TPA,DEN
TPA,DFW
TPA,DTW
TPA,EWR
TPA,EYW
TPA,FLL
TPA,FNT
TPA,GNV
TPA,GRR
TPA,HOU
TPA,HPN
TPA,IAD
TPA,IAH
TPA,ILG
TPA,IND
TPA,ISP
TPA,JAX
TPA,JFK
TPA,LAS
TPA,LAX
TPA,LGA
TPA,MCI
TPA,MDW
TPA,MEM
TPA,MHT
TPA,MIA
TPA,MKE
TPA,MSP
TPA,MSY
TPA,ORD
TPA,PBI
TPA,PDX
TPA,PHL
TPA,PHX
TPA,PIT
TPA,PNS
TPA,PVD
TPA,RDU
TPA,ROC
TPA,SAT
TPA,SDF
TPA,SEA
TPA,STL
TPA,TLH
TPA,TTN
TRI,ATL
TRI,CLT
TRI,PIE
TRI,SFB
TTN,ATL
TTN,BNA
TTN,CLE
TTN,CLT
TTN,CVG
TTN,DTW
TTN,FLL
TTN,IND
TTN,MCO
TTN,MDW
TTN,RDU
TTN,RSW
TTN,TPA
TTN,UST
TUL,ATL
TUL,DAL
TUL,DEN
TUL,DFW
TUL,DTW
TUL,EWR
TUL,HOU
TUL,IAD
TUL,IAH
TUL,LAS
TUL,MDW
TUL,MIA
TUL,MSP
TUL,ORD
TUL,PHX
TUL,SFB
TUL,SLC
TUL,STL
TUP,ATL
TUP,GLH
TUS,ATL
TUS,DEN
TUS,DFW
TUS,IAH
TUS,LAS
TUS,LAX
TUS,MDW
TUS,MSP
TUS,ORD
TUS,PDX
TUS,PHX
TUS,SAN
TUS,SEA
TUS,SFO
TUS,SJC
TUS,SLC
TVC,DTW
TVC,MSP
TVC,ORD
TVF,GFK
TWF,SLC
TXK,DFW
TYR,DFW
TYR,IAH
TYS,ATL
TYS,CLT
TYS,DCA
TYS,DEN
TYS,DFW
TYS,DTW
TYS,EWR
TYS,FLL
TYS,IAD
TYS,IAH
TYS,LGA
TYS,MSP
TYS,ORD
TYS,PGD
TYS,PHL
TYS,PIE
TYS,SFB
UIN,STL
UNK,ANC
UNK,OME
UNK,SKK
UNK,SMK
UST,TTN
VAK,HPB
VAK,SCM
VCT,IAH
VDZ,ANC
VEE,ARC
VEE,FYU
VEL,SLC
VIS,LAX
VLD,ATL
VPS,ATL
VPS,CLT
VPS,DCA
VPS,DFW
VPS,IAH
WAA,KTS
WAA,OME
WAA,SHH
WBQ,FAI
WLK,OTZ
WMO,GLV
WMO,OME
WNA,PKA
WRG,KTN
WRG,PSG
WRL,CYS
WSN,EGX
WTK,KVL
WTK,OTZ
XNA,ATL
XNA,CLT
XNA,CVG
XNA,DEN
XNA,DFW
XNA,DTW
XNA,EWR
XNA,IAH
XNA,LAS
XNA,LAX
XNA,LGA
XNA,MSP
XNA,ORD
XNA,SFB
YAK,CDV
YAK,JNU
YKM,SEA
YNG,MYR
YNG,PGD
YNG,PIE
YNG,SFB
YUM,LAX
YUM,PHX
